course,code,meaning_2026_27,meaning_2027_28
us-history-geography,US.01,Explain how the Homestead Act and the Transcontinental Railroad impacted the settlement of the West.,"Summarize the major events of Reconstruction, and explain the impact of the Compromise of 1877, including the founding of the Ku Klux Klan and lynching."
us-history-geography,US.02,"Examine federal policies toward American Indians, including: the movement to reservations, assimilation, boarding schools, and the Dawes Act.","Identify the rights provided by the 14th and 15th amendments, and analyze the efforts to resist them, including Jim Crow laws, disenfranchisement methods, and the Plessy v. Ferguson decision. (T.C.A. § 49 -6-1006)"
us-history-geography,US.03,"Explain the impact of the Compromise of 1877, including: Jim Crow laws, lynching, disenfranchisement methods, the efforts of Benjamin “Pap” Singleton and the Exodusters, and the Plessy v. Ferguson decision. (T.C.A. § 49-6-1006)","Summarize the efforts of Benjamin ""Pap"" Singleton and the Exodusters."
us-history-geography,US.04,"Analyze the causes and consequences of Gilded Age politics and economics as well as the significance of the rise of political machines, major scandals, civil service reform, and the economic difference between farmers, wage earners, and industrial capitalists, including the following:
• Boss Tweed
• Thomas Nast
• Credit Mobilier
• Spoils system and President James A. Garfield’s assassination
• Pendleton Act
• Interstate Commerce Act",Explain how the Homestead Act and the Transcontinental Railroad impacted the settlement and physical landscape of the West.
us-history-geography,US.05,"Describe the changes in American life that resulted from the inventions and innovations of business leaders and entrepreneurs of the period, including the significance of:
• Alexander Graham Bell
• Henry Bessemer
• Andrew Carnegie
• Thomas Edison
• J.P. Morgan
• John D. Rockefeller
• Nikola Tesla
• Cornelius Vanderbilt
• Madam C.J. Walker","Examine federal policies toward American Indians, including the movement to reservations, assimilation, boarding schools, and the Dawes Act."
us-history-geography,US.06,"Locate the following major industrial centers, and describe how industrialization influenced the movement of people from rural to urban areas:
• Boston
• Chicago
• New York City
• Pittsburgh
• San Francisco","Explain the characteristics and impact of the Granger movement and populism, emphasizing the conflicts between farmers and the railroads (i.e., credit mobilier and Interstate Commerce Act)."
us-history-geography,US.07,"Describe the differences between “old” and “new” immigrants, analyze the assimilation process for “new” immigrants, and determine the impacts of increased migration on American society, including:
• Angel Island
• Ellis Island
• Push and pull factors
• Ethnic clusters
• Jane Addams
• Competition for jobs
• Rise of nativism
• Jacob Riis
• Chinese Exclusion Act and Gentleman’s Agreement","Describe the differences between “old” and “new” immigrants, including: • Urbanization • Angel Island • Ellis Island • Push-pull factors • Ethnic clusters"
us-history-geography,US.08,Explain the concepts of social Darwinism and the Social Gospel.,"Analyze the causes and consequences of Gilded Age politics and economics as well as the significance of the rise of political machines, major scandals, civil service reform, and the economic difference between wage earners and industrial capitalists, including the following: • Spoils System • Boss Tweed • President Garfield’s Assassination • Thomas Nast • Pendleton Act"
us-history-geography,US.09,Compare and contrast the ideas and philosophies of Booker T. Washington and W.E.B. Du Bois. (T.C.A. § 49-6-1006),"Describe the changes in American life that resulted from the inventions and innovations of business leaders and entrepreneurs of the period, and evaluate the business practices of: • Alexander Graham Bell • Henry Bessemer • Andrew Carnegie • Thomas Edison • Lewis Latimer • J.P. Morgan • John D. Rockefeller • Nikola Tesla • Cornelius Vanderbilt • Madam C.J. Walker"
us-history-geography,US.10,"Explain the characteristics and impact of the Granger movement and populism, emphasizing the conflicts between farmers and the railroads.","Determine the impacts of increased immigration on American society, including: • Competition for jobs • Rise of Nativism • Chinese Exclusion Act and Gentleman’s Agreement"
us-history-geography,US.11,"Explain the rise of the labor movement, union tactics (e.g., strikes), the role of leaders (e.g., Eugene Debs and Samuel Gompers), the unjust use of prison labor (e.g., Coal Creek labor saga), and the responses of management and government.",Compare and contrast the concepts of social Darwinism and the Social Gospel.
us-history-geography,US.14,"Explain the roles played by muckrakers and progressive idealists, including:
• Robert M. La Follette, Sr.
• President Theodore Roosevelt
• Upton Sinclair
• Lincoln Steffens
• Ida Tarbell","Explain the rise of the labor movement, union tactics (e.g., strikes), the role of leaders (e.g., Eugene Debs and Samuel Gompers), and the responses of management and government."
us-history-geography,US.15,"Analyze the goals and achievements of the Progressive movement, including:
• Adoption of the initiative, referendum, and recall
• Adoption of the primary system
• 16th Amendment
• 17th Amendment
• 18th Amendment",Compare and contrast the ideas and philosophies of Booker T. Washington and W.E.B. Du Bois. (T.C.A. § 49-6-1006)
us-history-geography,US.16,"Analyze the significant progressive achievements during President Theodore Roosevelt’s administration, including:
• Square Deal
• “Trust-busting”
• Pure Food and Drug Act
• Meat Inspection Act
• Support for conservation","Explain the roles played by muckrakers and progressive idealists, including: • Jane Addams • Jacob Riis • Upton Sinclair • Lincoln Steffens • Ida Tarbell • Ida B. Wells-Barnett"
us-history-geography,US.18,"Describe the movement to achieve suffrage for women, including: the significance of leaders such as Carrie Chapman Catt, Anne Dallas Dudley, and Alice Paul, the activities of suffragettes, the passage of the 19th Amendment, and the role of Tennessee as the “Perfect 36.”","Analyze the goals and achievements of the Progressive movement, including: • Adoption of the initiative, referendum, and recall • Adoption of the primary system • 16th Amendment • 17th Amendment"
us-history-geography,US.19,"Assess the causes of American imperialism in the late 19th and early 20th centuries, including: the desire for raw materials and new markets, the desire to spread American democratic and moral ideals, and yellow journalism.","Analyze the significant progressive achievements during President Woodrow Wilson’s administration, including: • New Freedom • Federal Reserve Act • Creation of the National Park Service • Clayton Antitrust Act of 1914"
us-history-geography,US.20,Compare and contrast the arguments of interventionists and non-interventionists of the period.,"Describe the movement to achieve suffrage for women, including the significance of: • Leaders such as Carrie Chapman Catt, Anne Dallas Dudley, and Alice Paul • Activities of suffragists • Passage of the 19th Amendment, including the role of Tennessee • Legacy of Susan B. Anthony"
us-history-geography,US.21,"Describe the causes of the Spanish-American War and the outcomes of American imperialism, including:
• Annexation of Hawaii
• Philippine Insurrection
• Roosevelt Corollary
• Panama Canal
• Access to Cuba","Assess the causes of American imperialism in the late 19th and early 20th centuries, including the desire for raw materials and new markets, American nationalism, and yellow journalism."
us-history-geography,US.22,"Compare and contrast President Theodore Roosevelt’s Big Stick diplomacy, President William Howard Taft’s Dollar Diplomacy, and President Woodrow Wilson’s Moral Diplomacy.",Compare and contrast the arguments of imperialists and non-imperialists of the period.
us-history-geography,US.23,Explain the causes of World War I and the reasons for the initial declaration of U.S. neutrality.,"Describe the effects of American imperialism, including: • Spanish-American War • Annexation of Hawaii • Panama Canal • Philippine Insurrection • Access to Cuba • Roosevelt Corollary"
us-history-geography,US.24,"Explain the reasons for American entry into World War I, including: the use of unrestricted submarine warfare, the Zimmerman Telegram, the defense of democracy, and economic motivations.","Compare and contrast the motivations behind President Theodore Roosevelt’s Big Stick diplomacy (i.e., militarism/expansionism), President William Howard Taft’s Dollar Diplomacy (i.e., economics), and President Woodrow Wilson’s Moral Diplomacy (i.e., nationalism)."
us-history-geography,US.25,"Identify and explain the impact of the following on World War I (T.C.A. § 49-6-1006):
• Trench warfare
• Use of new weapons and technology
• Harlem Hell Fighters
• Herbert Hoover
• John J. Pershing
• Alvin C. York","Explain the causes of World War I, including militarism, alliances, nationalism, imperialism, assassination, and the reasons for the initial declaration of U.S. neutrality."
us-history-geography,US.26,"Analyze the political, economic, and social ramifications of World War I on the home front, including:
• Role played by women and minorities
• Voluntary rationing
• Committee on Public Information
• Opposition by conscientious objectors
• Schenck v. United States decision","Explain the reasons for U.S. entry into World War I, including the use of unrestricted submarine warfare, the Zimmerman Telegram, the defense of democracy, and economic motivations."
us-history-geography,US.27,"Analyze the significance of President Woodrow Wilson’s Fourteen Points, the causes and effects of the U.S. rejection of the League of Nations, and the subsequent impact on world politics.",Identify and explain the impact of the following on World War I (T.C.A. § 49-6-1006): • Trench warfare • Use of new weapons and technology • John J. Pershing • Harlem Hell Fighters • Alvin C. York
us-history-geography,US.28,Analyze the impact of the Great Migration of African Americans that began in the early 1900s from the rural South to the industrial regions of the Northeast and Midwest. (T.C.A. § 49-6-1006),"Analyze the political, economic, and social ramifications of World War I on the home front, including: • Role played by women and minorities • Voluntary rationing • Committee on Public Information (i.e., Creel Committee) • Opposition by conscientious objectors • Schenck v. United States decision"
us-history-geography,US.29,"Describe the growth and effects that radio and movies played in the emergence of popular culture as epitomized by celebrities such as Charlie Chaplin, Charles Lindbergh, and Babe Ruth.","Analyze the significance of President Woodrow Wilson’s contributions to the Treaty of Versailles, including the Fourteen Points, the causes and effects of the U.S. rejection of the League of Nations, and the subsequent impact on world politics."
us-history-geography,US.30,"Examine the growth and popularity of country and blues music, including the rise of: the Grand Ole Opry, W.C. Handy, and Bessie Smith. (T.C.A. § 49-6-1006)",Analyze the impact of the Great Migration of African Americans that began in the post-World War I era from the rural South to the industrial regions of the Northeast and Midwest. (T.C.A. § 49-6-1006)
us-history-geography,US.31,"Describe the impact of new technologies of the era, including the advent of air travel and spread of electricity.","Describe the growth and effects that radio and movies played in the emergence of popular culture, such as advertising, celebrities, news, and entertainment."
us-history-geography,US.32,"Describe the impact of Henry T. Ford, the automobile, and the mass production of automobiles on the American economy and society.","Examine how the use of the radio helped grow the popularity of country and blues music, including the rise of the Grand Ole Opry, W.C. Handy, and Bessie Smith. (T.C.A. § 49 -6-1006)"
us-history-geography,US.33,"Describe the Harlem Renaissance, its impact, and important figures, including (T.C.A. § 49-6-1006):
• Louis Armstrong
• Duke Ellington
• Langston Hughes
• Zora Neale Hurston","Describe the impact of new technologies of the era, including the advent of air travel and spread of electricity."
us-history-geography,US.34,"Describe changes in the social and economic status of women during this era, including: flappers, birth control, clerical and office jobs, and the rise of women’s colleges.","Describe the impact of Henry T. Ford, the automobile, and the mass production of automobiles on the American economy and society."
us-history-geography,US.35,"Examine challenges related to civil liberties and racial/ethnic tensions during this era, including (T.C.A. § 49-6-1006):
• First Red Scare
• Immigration Quota Acts of the 1920s
• Resurgence of the Ku Klux Klan
• Efforts of Ida B. Wells
• Emergence of Garveyism
• Rise of the NAACP","Analyze the impact of the Harlem Renaissance and its important figures on American culture, including (T.C.A. § 49- 6-1006): • Louis Armstrong • Duke Ellington • Langston Hughes • Zora Neale Hurston • James Weldon Johnson"
us-history-geography,US.36,"Describe the Scopes Trial of 1925, including: the major figures, two sides of the controversy, the outcome, and legacy.","Describe changes and limitations in the social and economic status of women during this era, including flappers, birth control, clerical and office jobs, and the rise of women’s colleges."
us-history-geography,US.37,"Describe the impacts of Prohibition on American society, including: the rise of organized crime, bootlegging, and speakeasies.","Examine challenges and advancements related to the push for civil liberties, including (T.C.A. § 49-6- 1006): • First Red Scare • Immigration Quota Acts of the 1920s • Resurgence of the Ku Klux Klan • Black Wallstreet and Tulsa Massacre • Rise of the NAACP • Efforts of Ida B. Wells-Barnett • Emergence of Garveyism"
us-history-geography,US.38,"Analyze the changes in the economy and culture of the U.S. as a result of credit expansion, consumerism, and financial speculation.","Describe the Scopes Trial of 1925, including the major figures (i.e., John Scopes, William Jennings Bryan, and Clarence Darrow), two sides of the controversy (i.e., fundamentalism and modernism), the outcome, and the legacy."
us-history-geography,US.39,"Analyze the causes of the Great Depression, including:
• Bank failures
• Buying on margin
• Crash of the stock market
• Excess consumerism
• High tariffs
• Laissez-faire politics
• Overextension of credit
• Overproduction in agriculture and manufacturing
• Rising unemployment","Describe the impacts of the 18th Amendment and Prohibition on American society, including the rise of organized crime, bootlegging, speakeasies, and the eventual repeal with the 21st Amendment."
us-history-geography,US.40,"Analyze the causes of the Dust Bowl, and explain the social, geographic, and economic impacts.","Analyze the advantages and disadvantages of President Warren G. Harding's and President Calvin Coolidge's economic policies and their impact on culture of the United States as a result of credit expansion, consumerism, and financial speculation."
us-history-geography,US.41,"Describe the impact of the Great Depression on the American people, including: mass unemployment, migration, and Hoovervilles.","Analyze the causes of the Great Depression, including: • Bank failures • Laissez-faire politics • Buying on margin • Overextension of credit • Crash of the stock market • Overproduction in agriculture • Excess consumerism in manufacturing • High tariffs • Rising unemployment"
us-history-geography,US.42,"Describe the steps taken by President Herbert Hoover to address the depression, including his: philosophy of “Rugged Individualism,” public works projects, the Reconstruction Finance Corporation, and response to the “Bonus Army.”","Explain the causes of the Dust Bowl, and its social, geographic, and economic impacts."
us-history-geography,US.43,"Analyze the impact of the relief, recovery, and reform efforts of President Franklin D. Roosevelt’s New Deal programs, including:
• Agricultural Adjustment Act
• Civilian Conservation Corps
• Fair Labor Standards Act
• Federal Deposit Insurance Corporation
• National Recovery Administration
• Securities and Exchange Commission
• Social Security
• Tennessee Valley Authority
• Works Progress Administration","Describe the impact of the Great Depression on the American people, including mass unemployment, migration, and Hoovervilles."
us-history-geography,US.44,"Analyze the effects of and the controversies arising from New Deal economic policies, including charges of socialism and President Franklin D. Roosevelt’s “court packing” attempt.","Describe the steps taken by President Herbert Hoover to address the depression, including his philosophy of “Rugged Individualism,” public works projects, the Reconstruction Finance Corporation, and response to the “Bonus Army.”"
us-history-geography,US.45,"Explain the rise and spread of fascism, communism, and totalitarianism internationally.","Analyze the impact of the relief, recovery, and reform efforts of President Franklin D. Roosevelt’s New Deal programs, including: • Agricultural Adjustment Act • Civilian Conservation Corps • Securities and Exchange Commission • Fair Labor Standards Act • Social Security • Federal Deposit Insurance • Tennessee Valley Authority • Works Progress Administration • National Recovery Administration"
us-history-geography,US.46,"Explain President Franklin D. Roosevelt’s response to world crises, including: the Quarantine Speech, the Four Freedoms speech, the Atlantic Charter, and the Lend-Lease Act.","Analyze the effects of and the controversies arising from New Deal economic policies, including charges of socialism and President Franklin D. Roosevelt’s “court packing” attempt."
us-history-geography,US.47,"Analyze the response of the U.S. to the plight of European Jews before the start of the war, the U.S. liberation of concentration camps during the war, and the immigration of Holocaust survivors after the war.","Explain the rise and spread of fascism, communism, and totalitarianism internationally, including the following leaders: • Adolf Hitler • Benito Mussolini • Joseph Stalin • Hideki Tojo"
us-history-geography,US.48,"Explain the reasons for American entry into World War II, including the attack on Pearl Harbor.","Explain the progression of key events and President Franklin D. Roosevelt’s response to world crises that lead to U.S. entry into World War II, including the Quarantine Speech, the Four Freedoms Speech, the Atlantic Charter, the Lend-Lease Act, and Pearl Harbor."
us-history-geography,US.49,"Identify the roles and the significant actions of the following individuals in World War II:
• Winston Churchill
• Dwight D. Eisenhower
• Adolf Hitler
• Douglas MacArthur
• George C. Marshall
• Benito Mussolini
• President Franklin D. Roosevelt
• Joseph Stalin
• Hideki Tojo
• President Harry S. Truman","Analyze the response of the United States to the plight of European Jews before the start of the war, the U.S. liberation of concentration camps during the war, and the immigration of Holocaust survivors after the war."
us-history-geography,US.50,"Explain the role of geographic and military factors on the outcomes of battles in the Pacific and European theaters of war, including the Battles of Midway, Iwo Jima, Okinawa, and D-Day.","Explain the role of key figures, geography and military factors on the outcomes of battles in the Pacific, European, and North African theaters of war, including: • Winston Churchill • Dwight D. Eisenhower • Douglas MacArthur • George Patton • President Harry S. Truman • Battles of Midway, Iwo Jima, and Okinawa • Normandy • Battle of the Bulge • Invasion of Sicily • Actions of the 101st Airborne"
us-history-geography,US.52,Examine and explain the entry of large numbers of women into the workforce and armed forces during World War II and the subsequent impact on American society.,"Examine the impact of World War II on economic and social conditions for African Americans, including the Fair Employment Practices Committee and the eventual integration of the armed forces by President Harry S. Truman. (T.C.A. § 49-6-1006)"
us-history-geography,US.53,"Examine the impact of World War II on economic and social conditions for African Americans, including the Fair Employment Practices Committee and the eventual integration of the armed forces by President Harry S. Truman. (T.C.A. § 49-6-1006)","Explore the effects of the large-scale growth of women entering the work force and military during World War II and the subsequent impact on American society, including Rosie the Riveter, Cornelia Fort, and the Women's Army Corp."
us-history-geography,US.55,"Describe the war’s impact on the home front, including:
• Rationing
• Bond drives
• Propaganda
• Movement to cities and industrial centers
• Bracero program
• Conversion of factories for wartime production
• Location of prisoner of war camps in Tennessee","Describe the war’s impact on the home front, including: • Rationing • Bracero program • Zoot Suit Riots • Bond drives • Conversion of factories for wartime • Propaganda production • Movement to cities and industrial areas"
us-history-geography,US.57,Explain the major outcomes of the Yalta and Potsdam Conferences.,"Explain the major outcomes of the Yalta and Potsdam Conferences (e.g., the separation of Germany, emergence of the threat of the atomic bomb, dispersal of Eastern European nations, and rising tensions between the United States and Soviet Union)."
us-history-geography,US.61,"Analyze the causes and effects of the Second Red Scare, including: Americans’ attitudes toward McCarthyism, blacklisting, and Julius and Ethel Rosenberg.","Describe the causes, course, and consequences of the Korean War, including: • Domino theory • Entry of communist China • 38th parallel • Final division of the Korean Peninsula"
us-history-geography,US.62,"Describe the causes, course, and consequences of the Korean War, including:
• Domino theory
• 38th parallel
• Battle of Inchon
• Entry of the communist Chinese
• Final division of the Koreas","Explain how containment influenced Cold War policies during Dwight D. Eisenhower’s administration, including brinksmanship, “peaceful coexistence,” and the issue of the military-industrial complex."
us-history-geography,US.63,"Explain Cold War policies during President Dwight D. Eisenhower’s administration, including brinksmanship and “peaceful coexistence.”","Analyze the causes and effects of the Second Red Scare, including Americans' attitudes toward McCarthyism, blacklisting, House Un-American Activities Committee (i.e., HUAC), and Julius and Ethel Rosenberg."
us-history-geography,US.64,"Explain the fears of Americans surrounding nuclear holocaust, debates over stockpiling, and the use of nuclear weapons, including:
• Atomic testing
• Civil defense
• Fallout shelters
• Impact of Sputnik
• Mutual assured destruction","Analyze the impact of prosperity and consumerism in the 1950s, including the growth of white-collar jobs, the “suburban ideal,” the impacts of and disproportionate access to the G.I. Bill, and the increased reliance on foreign oil."
us-history-geography,US.65,"Describe the relationship between Cuba and the U.S., including the Bay of Pigs Invasion and Cuban Missile Crisis.",Explain the impact of the baby boomer generation on the U.S. economy and culture.
us-history-geography,US.66,"Describe the causes, course, and consequences of the Vietnam War, including:
• Geneva Accords
• Gulf of Tonkin Resolution
• Tet Offensive
• Vietnamization
• Ho Chi Minh
• Bombing of Cambodia
• Napalm and Agent Orange","Describe domestic developments during Dwight D. Eisenhower's administration, including: • Polio vaccine • Interstate Highway System • Growth of suburbia • Hotel chains • Fast food chains"
us-history-geography,US.67,"Compare the policies and practices of Presidents John F. Kennedy, Lyndon Johnson, and Richard Nixon and their impacts on the continuation of the Vietnam War.","Analyze the increasing impact of television and mass media on American homes, politics, and the economy."
us-history-geography,US.68,"Evaluate the impact of the Vietnam War on the home front, including: the anti-war movement, draft by lottery, and the role of television and the media.","Describe the emergence of a youth culture, including beatniks and the progression of popular music (from swing to rhythm and blues to rock ‘n’ roll), and the impact of Tennessee on the music industry, including the influence of B.B. King, Elvis Presley, Stax Records, and Sun Studio. (T.C.A. § 49-6-1006)"
us-history-geography,US.69,Describe the competition between the U.S. and Soviet Union for superiority in space.,"Explain the fears of Americans surrounding nuclear holocaust, debates over stockpiling, and the use of nuclear weapons, including: • Atomic testing • Civil defense • Mutual assured destruction • Fallout shelters"
us-history-geography,US.70,"Explain developments that eased tensions during the Cold War, including:
• President Richard Nixon’s detente
• President Jimmy Carter’s SALT Treaties
• President Ronald Reagan and Mikhail Gorbachev’s INF Treaty
• The fall of the Berlin Wall","Describe the relationship between Cuba and the United States, including the Bay of Pigs Invasion and Cuban Missile Crisis."
us-history-geography,US.71,"Analyze the impact of prosperity and consumerism in the 1950s, including: the growth of white-collar jobs, the “suburban ideal,” the impact of the G.I. Bill, and the increased reliance on foreign oil.","Describe the competition between the United States and Soviet Union for superiority in space (i.e., Sputnik and the development of NASA, Operation Paperclip), including its effects on the American education system and industry."
us-history-geography,US.72,Explain the impact of the baby boomer generation on the American economy and culture.,"Describe the goals of President John F. Kennedy’s New Frontier programs to improve education, end racial discrimination, create the Peace Corps, and put a man on the moon."
us-history-geography,US.73,"Describe domestic developments during President Dwight D. Eisenhower’s administration, including advances in medicine and the creation of the Interstate Highway System.","Describe the goals of President Lyndon Johnson’s Great Society programs, including Medicare, urban renewal, and the War on Poverty."
us-history-geography,US.74,"Describe the growing influence of the automobile on American society, including the growth of: suburbia, fast food chains, and the hotel industry.","Examine the decision and impacts of Brown v. Board of Education on the desegregation of schools, such as Scarboro 85, Clinton 12 and Little Rock 9. (T.C.A. § 49-6-1006)"
us-history-geography,US.75,"Analyze the increasing impact of television and mass media on the American home, politics, and economy.",Analyze the impact of Emmitt Till's murder and the use of mass media on the trajectory of the Civil Rights Movement.
us-history-geography,US.76,"Describe the emergence of a youth culture, including beatniks and the progression of popular music (from swing to rhythm and blues to rock ‘n’ roll), and the impact of Tennessee on the music industry, including the influence of B.B. King, Elvis Presley, Stax Records, and Sun Studio. (T.C.A. § 49-6-1006)","Examine the roles and actions of civil rights advocates (e.g., Dr. Martin Luther King, Jr., Malcolm X, John Lewis, Diane Nash, Thurgood Marshall, Rosa Parks) and opponents (e.g., Bull Connor, Orval Faubus, George Wallace, Strom Thurmond). (T.C.A. § 49-6-1006)"
us-history-geography,US.77,"Describe President John F. Kennedy’s New Frontier programs to improve education, end racial discrimination, create the Peace Corps, and put a man on the moon.","Describe the significant events in the struggle to secure civil rights for African Americans, including: (T.C.A. § 49-6-1006) • Highlander Folk School • Montgomery Bus Boycott • Tent City in Fayette County, TN • Nashville sit-ins • Freedom Riders • Birmingham bombings of 1963 • Freedom Summer • March on Washington, D.C. • March on Selma • Memphis sanitation strike and assassination of Dr. Martin Luther King, Jr."
us-history-geography,US.78,Examine the decision and impact of Brown v. Board of Education on desegregation. (T.C.A. § 49-6-1006),"Analyze civil and voting rights legislation, including the Civil Rights Act of 1964, the Voting Rights Act of 1965, the Civil Rights Act of 1968 (i.e., Fair Housing Act), and the 24th Amendment. (T.C.A. § 49-6-1006)"
us-history-geography,US.79,"Examine the roles and actions of civil rights advocates (e.g., Malcolm X, Thurgood Marshall, Rosa Parks) and opponents (e.g., Bull Connor, Orval Faubus, Strom Thurmond) and how they coincided with, confronted, and challenged each other. (T.C.A. § 49-6-1006)","Analyze how the American Indian Movement, Chicano Movement, and Feminist Movement are related to the Civil Rights Movement in advancing equality across the broader spectrum of American society during this time period."
us-history-geography,US.80,"Describe the significant events in the struggle to secure civil rights for African Americans, including: (T.C.A. § 49-6-1006)
• Montgomery Bus Boycott
• Integration of Clinton High School in Clinton, TN
• Integration of Central High School in Little Rock, AR
• Freedom Riders
• Tent City in Fayette County, TN
• Marches, demonstrations, boycotts, and sit-ins (e.g., Nashville)
• March on Washington, D.C.
• Birmingham bombings of 1963
• Assassination of Martin Luther King, Jr.
• Highlander Folk School","Describe the policies of Presidents' Kennedy, Johnson, and Nixon, and the causes, consequences, and progression of the Vietnam War, including: • Escalation • Geneva Accords • Gulf of Tonkin Resolution • Ho Chi Minh • Napalm and Agent Orange • Tet Offensive • Vietnamization"
us-history-geography,US.81,"Analyze civil and voting rights legislation, including: the Civil Rights Act of 1964, the Voting Rights Act of 1965, the Civil Rights Act of 1968 (i.e., Fair Housing Act), and the 24th Amendment. (T.C.A. § 49-6-1006)","Describe the impact of the Vietnam War on the home front, including: • Anti-war movement • Draft by lottery • Effects of Agent Orange • Post-Traumatic Stress Disorder • Role of television and the media"
us-history-geography,US.82,"Analyze how the American Indian Movement, Chicano Movement, and Feminist Movement are related to the Civil Rights Movement in advancing equality across the broader spectrum of American society during this time period.","Analyze different points of view that reflect the rise of social activism and the growth counterculture, including generation gap, hippies, and Woodstock."
us-history-geography,US.83,"Evaluate the impact of President Lyndon Johnson’s Great Society programs, including: Medicare, urban renewal, and the War on Poverty.","Explain the events of President Richard Nixon’s administration, including his appeal to the “silent majority,"" detente, SALT, and open relationship with China."
us-history-geography,US.84,"Analyze different points of view that reflect the rise of social activism and the growth of counterculture, including: generation gap, hippies, and Woodstock.","Examine the Watergate scandal, including: • Background of the break-in • Changing role of media and journalism • Legacy of distrust (e.g., government) • United States vs. Nixon • Controversy surrounding President Gerald Ford’s pardon"
us-history-geography,US.85,"Explain significant achievements of President Richard Nixon’s administration, including his appeal to the “silent majority” and his major foreign policy actions.","Explain the emergence of environmentalism, including the creation of the Environmental Protection Agency and disasters such as Love Canal and Three Mile Island."
us-history-geography,US.86,"Examine the Watergate scandal, including:
• Background of the break-in
• Changing role of media and journalism
• Legacy of distrust
• Controversy surrounding President Gerald Ford’s pardon
• United States v. Nixon","Identify and explain the events of Jimmy Carter’s administration, including: • Crisis of Confidence speech • Poor economy • Energy crisis • Panama Canal Treaty • Iran Hostage Crisis • Camp David Accords"
us-history-geography,US.87,"Explain the emergence of environmentalism, including the creation of the Environmental Protection Agency and disasters such as Love Canal and Three Mile Island.","Identify and explain the events of President Ronald Reagan’s administration, including: • Resurgence of nationalism • “War on Drugs” • Reaganomics • Strategic Defense Initiative • Iran-Contra affair • AIDS epidemic • Challenger disaster • Appointment of Sandra Day O’Connor"
us-history-geography,US.89,"Analyze the significance of President Ronald Reagan’s administration, including:
• Revitalization of national pride
• Reaganomics
• Iran-Contra affair
• “War on Drugs”
• Strategic Defense Initiative
• AIDS epidemic","Identify and explain the events of President Bill Clinton’s administration, including: • NAFTA • Welfare-to-work • Scandals and subsequent impeachment • Balanced budget hearings • Family Medical Leave Act • Humanitarian efforts in Bosnia- Herzegovina • The widespread use of the internet"
us-history-geography,US.90,"Describe the significant events of President George H.W. Bush’s administration, including the invasion of Panama and the Gulf War.","Describe the impact of the September 11, 2001 terrorist attacks on the World Trade Center and the Pentagon, including the response of President George W. Bush and the USA PATRIOT Act."
us-history-geography,US.91,"Summarize the events of President Bill Clinton’s administration, including:
• Welfare-to-work
• Balanced budget
• NAFTA
• Scandals and subsequent impeachment hearings","Identify and explain the events of President George W. Bush’s administration, including: • No Child Left Behind • Wars in Afghanistan and Iraq • Economic recession (i.e., housing market crisis)"
us-history-geography,US.92,"Describe the impact of the September 11, 2001 terrorist attacks on the World Trade Center and the Pentagon, including: the response of President George W. Bush, wars in Afghanistan and Iraq, and continued efforts to combat terrorism globally.","Describe the increasing role of women and minorities in American military, politics, and economy, including (T.C.A. § 49-6-1006): • Hillary Clinton • Colin Powell • Condoleezza Rice • Nancy Pelosi • Sonia Sotomayor"
us-history-geography,US.93,"Describe the increasing role of women and minorities in the American military, politics, and economy, including (T.C.A. § 49-6-1006):
• Hillary Clinton
• Sandra Day O’Connor
• Nancy Pelosi
• Colin Powell
• Condoleezza Rice",Explain how the legislative and judicial branches expanded the scope of the 14th amendment including: • Individuals with Disabilities Education Act • Americans with Disabilities Act • Obergefell vs. Hodges
us-history-geography,US.94,"Compare and contrast commonly used methods of communication from 1970 to today, and analyze the impact they have had on society.",Identify and explain the events of Barack Obama’s administration including: • The Affordable Care Act • Every Student Succeeds Act • American presense in the Middle East
world-history-geography,W.01,"Describe the concept of the divine right of kings as well as the features, strengths, and weaknesses of European absolutism, including: Louis XIV, Versailles, and Peter the Great.","Describe the types of kingdoms, leaders, and government systems in major world regions during the 18th century."
world-history-geography,W.02,"Compare documents that establish limits on government in response to absolute monarchy (e.g., the Magna Carta and the English Bill of Rights).","Compare major contributions of philosophers and scientists during the Age of Enlightenment and Scientific Revolution, such as: • Sir Francis Bacon • Cesare Beccaria • Galileo Galilei • Johannes Kepler • John Locke • Charles-Louis de Montesquieu • Isaac Newton • Jean-Jacques Rosseau • Mary Wollstonecraft"
world-history-geography,W.03,"Compare the major ideas of philosophers during the Age of Enlightenment, such as Charles-Louis de Montesquieu, Thomas Hobbes, John Locke, and Jean-Jacques Rousseau.","Identify the major causes (e.g., social, political, economic) of the French Revolution, and trace the evolution of France's government, including Enlightenment political thought, storming of the Bastille, execution of Louis XVI, and the reign of terror."
world-history-geography,W.04,Examine the causes and consequences of the English Civil War.,"Explain the geographic, political, and social factors that contributed to the rise and fall of Napoleon Bonaparte’s empire."
world-history-geography,W.05,"Identify the major causes of the French Revolution, including the impact of: The American Revolution; Conflicting social classes; Economic factors; Enlightenment political thought; Government corruption and weakness",Describe social and economic tensions within colonized regions in Latin America.
world-history-geography,W.06,"Summarize the major events of the French Revolution (e.g., storming of the Bastille, execution of Louis XVI, reign of terror), and trace the evolution of France's government from constitutional monarchy to democratic despotism to the Napoleonic Empire.","Explain the global effects of Latin American revolutions, including those in Haiti, Bolivia, Argentina, and Mexico."
world-history-geography,W.07,"Analyze the geographic, political, and social factors that contributed to the rise and fall of Napoleon Bonaparte's empire.","Explain how the Agricultural Revolution, mechanization, and the “enclosure movement” led to rapid population growth, rural to urban migration, and the growth of major cities in Europe and North America."
world-history-geography,W.08,"Identify how the ideas of the Enlightenment inspired Thomas Jefferson and the Declaration of Independence, and compare the American Revolution with the French Revolution.","Explain the geographic and economic reasons why the Industrial Revolution began in England, including natural resources, entrepreneurship, labor, and access to capital."
world-history-geography,W.09,"Explain the effects of the French Revolution on Europe and the world, including the influence of: the Napoleonic Code, Concert of Europe, and Haitian Revolution.",Explain why the diffusion of the Industrial Revolution primarily spread within the Western world.
world-history-geography,W.10,"Explain how the Agricultural Revolution, mechanization, and the ""enclosure movement"" led to rapid population growth, rural to urban migration, and the growth of major cities in Europe and North America.","Describe the geographic scale, trade routes, and conditions of the forced migration of Africans to the Western Hemisphere, including connections between enslaved labor and the growth of industrial economies."
world-history-geography,W.11,"Explain the geographic and economic reasons why the Industrial Revolution began in England, including: natural resources, entrepreneurship, labor, and access to capital.","Explain how scientific and technological innovations (e.g., the steam engine, new textile technology, steel processing, medical advances, electricity, and new methods of transportation) led to massive social, economic, cultural, and demographic changes."
world-history-geography,W.12,Analyze how geographic and cultural features were an advantage or disadvantage to the diffusion of the Industrial Revolution.,"Analyze the consequences of industrialism in Europe in terms of: • Social benefits (e.g., increases in productivity and life expectancy) • Social costs (e.g., harsh working and living conditions, pollution, child labor, and income inequality) • Attempts to address these costs (e.g., political reform, urban planning, philanthropy, labor unions, education reform, and public health and sanitation)"
world-history-geography,W.13,"Describe the geographic scale, trade routes, and conditions of the forced migration of Africans to the Western Hemisphere, including connections between slave labor and the growth of industrial economies.","Compare and contrast the rise of economic theories as a result of industrialization, including capitalism, communism, and socialism."
world-history-geography,W.14,"Explain how scientific and technological innovations (e.g., the steam engine, new textile technology, steel processing, medical advances, electricity, and new methods of transportation) led to massive social, economic, cultural, and demographic changes.","Define nationalism, and explain how national identity and political geography contributed to the unification of nations such as Germany and Italy."
world-history-geography,W.15,"Evaluate the industrialization of Europe in terms of: Social benefits (e.g., increases in productivity and life expectancy); Social costs (e.g., harsh working and living conditions, pollution, child labor, and income inequality); Attempts to address these costs (e.g., political reform, urban planning, philanthropy, labor unionism, education reform, and public health and sanitation)",Describe the rise of anti-Semitism in Europe during this time period.
world-history-geography,W.16,"Compare and contrast the rise of the following economic theories as a result of industrialization: capitalism, communism, and socialism.","Define and analyze reasons for imperialism, including competition between empires, cultural justifications, and the search for natural resources and new markets in response to rapid industrialization."
world-history-geography,W.17,"Define nationalism, and explain how nationalism, cultural geography, and physical geography contributed to the unification of nations, such as Germany and Italy.","Distinguish the differences between colonies, protectorates, spheres of influence, and economic imperialism."
world-history-geography,W.18,Describe the rise of anti-Semitism in Europe during this time period.,Describe the cultural and political structures throughout the regions of the African continent.
world-history-geography,W.19,"Define imperialism, and analyze reasons for 19th century imperialism, including: competition between empires, cultural justifications, and the search for natural resources and new markets in response to rapid industrialization.",Describe the natural resources and geographic features throughout the regions of the African continent and their impacts on global trade.
world-history-geography,W.20,"Describe the natural resources and geographic features of Africa, their role in attracting European economic interests, and their impact on global trade.","Analyze the outcomes of the Berlin Conference and the impact of superimposed boundaries on African indigenous populations, and compare the geographic progression of imperialistic claims on the African continent by European empires."
world-history-geography,W.21,"Analyze the outcomes of the Berlin Conference and the impact of superimposed boundaries on African indigenous populations, and compare the geographic progression of imperialistic claims on the African continent by European empires.","Describe the various strategies and outcomes of African resistance to European imperialism (e.g., Ethiopia, Zulu Wars, Ashanti Wars)."
world-history-geography,W.22,"Describe successful (e.g., Ethiopia) and unsuccessful (e.g., Zulu Wars and Ashanti Wars) examples of African resistance to European imperialism.","Describe cultural, political, and economic structures throughout the regions of the subcontinent of India."
world-history-geography,W.23,"Describe the importance of India to the British Empire, the Suez Canal as a connection between Great Britain and India, and India's reaction to British rule.","Explain why India was important to the British empire, including role of the Suez Canal."
world-history-geography,W.24,Explain the growing influence of western powers on China from the Opium Wars through the Boxer Rebellion.,"Describe cultural, political, and economic structures throughout regions of China."
world-history-geography,W.25,"Explain cultural diffusion, and describe the diffusion of cultures between Europe, Africa, and Asia as a result of European imperialism.","Explain why China was important to western powers, including the Opium Wars and the Boxer Rebellion."
world-history-geography,W.27,"Describe the natural resources and geographic features of Central and South America, their role in attracting American and European economic interests, and their impact on global trade.","Describe cultural, political, and economic structures throughout the regions of Central and South America."
world-history-geography,W.28,Compare and contrast the impact of economic imperialism on Central and South America with the impact of imperialism on other parts of the world.,Explain why Central and South America were important to western powers.
world-history-geography,W.29,Explain how tensions between nations and states contributed to regional conflicts of the era.,"Define cultural diffusion, and describe how imperialism facilitates cultural diffusion."
world-history-geography,W.32,"Analyze the importance of geographic factors in military decision-making, and determine the principal theaters and significance of major battles in World War I (e.g., Battles of the Marne, Verdun, the Somme).","Explain how battles of World War I (e.g., Marne and Somme) illustrate the scope of the war, and describe the impact on European colonies around the world."
world-history-geography,W.33,Explain how the entrance of the United States and the exit of Russia affected the course and outcome of World War I.,"Explain why Russia exited and the United States entered World War I, and describe the effects."
world-history-geography,W.34,"Define total war, and describe its effect on European civilian populations, including: Food shortages; Industrial production of war materials; Naval/submarine blockades; Women as war workers",Identify the causes and consequences of the Bolshevik Revolution and Russian Civil War.
world-history-geography,W.35,"Describe the effects of World War I, including the significance of: Armenian Genocide; Collapse of major empires; Economic losses; Environmental changes; Loss of human life; Movement of populations; Spread of disease","Define total war, and describe its immediate and lasting effects on European civilian populations, including: • Food shortages • Industrial production of war materials • Naval/submarine blockades • Women’s involvement in the war"
world-history-geography,W.36,"Compare the goals of leading nations (i.e., U.S., France, Great Britain, Italy, and Japan) at the Paris Peace Conference with the outcomes of the Treaty of Versailles and its impact on Germany.","Describe the effects of World War I, including the significance of: • Armenian genocide • Collapse of major empires • Economic losses • Loss of human life • Movement of populations • Shellshock (i.e., PTSD) • Spread of disease"
world-history-geography,W.37,Analyze the shifts in geopolitical boundaries post-World War I resulting from the Treaty of Versailles and the League of Nations mandate system.,"Analyze the aims and negotiating roles of world leaders at the Paris Peace Conference and their impact on Germany, the League of Nations, and the creation of new states and the Mandate System."
world-history-geography,W.38,Determine the causes and consequences of the Bolshevik Revolution and Russian Civil War.,Describe the cultural and economic trends of the 1920s.
world-history-geography,W.39,"Analyze the cultural, economic, and intellectual trends of the 1920s.","Describe the collapse of international economies in 1929 that led to the Great Depression, including the significance of: • Inflation • Overproduction • Post-war economic relationships between the United States and Europe • Restrictive trade policies • Unemployment"
world-history-geography,W.40,"Describe the collapse of international economies in 1929 that led to the Great Depression, including the significance of: Overproduction; Unemployment; Inflation; Restrictive trade policies; Post-war economic relationships between the U.S. and Europe","Explain how economic instability, nationalism, and political disillusionment in Germany, Italy, Japan led to the rise of totalitarian regimes."
world-history-geography,W.41,"Explain how economic instability, nationalism, and political disillusionment in Germany and Japan led to the rise of totalitarian regimes.","Compare and contrast the rise to power, goals, and characteristics of Adolf Hitler, Benito Mussolini, and Joseph Stalin’s totalitarian regimes."
world-history-geography,W.42,"Compare and contrast the rise to power, goals, and characteristics of Adolf Hitler, Benito Mussolini, and Joseph Stalin's totalitarian regimes.","Analyze the role of geographic features and regional conflicts (i.e., Spanish Civil War) in increasing tensions prior to World War II."
world-history-geography,W.43,Analyze the role of geographic features and natural resources in increasing tensions prior to and during World War II.,"Describe efforts to expand empires in the 1930s, including: • Italian invasion of Ethiopia • German militarism • Japanese invasion and atrocities in China"
world-history-geography,W.44,"Compare the Italian, German, and Japanese efforts to expand their empires in the 1930s, including: the invasion of Ethiopia, German militarism, and atrocities in China.","Explain the role of military alliances, appeasement, isolationism, and the domestic distractions in Europe and the United States prior to the outbreak of World War II."
world-history-geography,W.45,"Explain the role of military alliances, appeasement, isolationism, and the domestic distractions in Europe and the U.S. prior to the outbreak of World War II.","Describe the European theatre of war during World War II, including: • Geography • Key Military Leaders • Major Battles • Technology • Wartime Strategies"
world-history-geography,W.46,"Describe how geography and technology (e.g., airplanes, advanced medicine, propaganda, radar) influenced wartime strategies, including: blitzkrieg, ""island hopping,"" kamikaze, and strategic bombing.","Describe the Pacific theatre of war during World War II, including: • Geography • Key Military Leaders • Major Battles • Technology • Wartime Strategies"
world-history-geography,W.47,"Describe the geography and outcomes of major battles and turning points of World War II in both the European and Pacific theaters, including: Battle of Britain; Battle of Midway; Battle of Stalingrad; Battle of Normandy; Battle of the Bulge","Describe the roles of leaders during World War II, including the significance of: • Winston Churchill • Adolf Hitler • Benito Mussolini • Franklin D. Roosevelt • Joseph Stalin • Hideki Tojo • Harry S. Truman"
world-history-geography,W.48,"Describe the roles of leaders during World War II, including the significance of: Winston Churchill; Adolf Hitler; Benito Mussolini; President Franklin D. Roosevelt; Joseph Stalin; Hideki Tojo; President Harry S. Truman","Describe the persecution of Jews and other targeted groups in Europe leading up to World War II, and explain why many people were unable to leave and their efforts to resist persecution."
world-history-geography,W.49,"Describe the persecution of Jews and other targeted groups in Europe leading up to World War II, and explain why many people were unable to leave and their efforts to resist persecution.","Explain the state-sponsored mass murder of targeted groups (e.g., Hitler’s Final Solution to the Jewish Question) in Nazi-controlled lands, and describe the varied experiences of Holocaust survivors and victims."
world-history-geography,W.50,"Explain the state-sponsored mass murder of the Jews in Nazi-controlled lands, and describe the varied experiences of Holocaust survivors and victims.","Explain the decisions made in the Atlantic Charter and at the Tehran, Yalta, and Potsdam Conferences."
world-history-geography,W.51,"Explain the decisions made in the Atlantic Charter and at the Tehran, Yalta, and Potsdam Conferences.","Describe the development of atomic bombs, and evaluate both the decisions to use them and the impact of their use."
world-history-geography,W.52,"Describe the development of atomic bombs, and evaluate both the decisions to use them and the impact of their use.","Describe the cultural, economic, geographic, and political effects of World War II, including: • Casualties of the war (military and civilian) • Changes to geopolitical boundaries • Cordell Hull’s involvement in the creation of the United Nations • Destruction of cultural heritage • Division of Germany • The Nuremberg trials • Refugees and displaced populations"
world-history-geography,W.53,"Describe the cultural, economic, geographic, and political effects of World War II, including: Casualties of the war (military and civilian); Changes to geopolitical boundaries; Creation of the United Nations; Destruction of cultural heritage; Division of Germany; Impact of the Nuremberg trials; Refugees and displaced populations","Explain the nature of reconstruction in Europe and Asia after 1945, including the influence of the United States"
world-history-geography,W.54,"Summarize the nature of reconstruction in Europe after 1945, including both the economic and political purposes of the Marshall Plan.","Explain the origins and significance of the United Nations establishment of the State of Israel, and describe the reactions by surrounding Arab countries."
world-history-geography,W.55,"Explain the origins and significance of the establishment of the State of Israel, and describe the reactions by surrounding Arab countries to the United Nations' decision to establish Israel.","Describe the economic and military power shift at the end of World War II, including rising tensions between the Soviet Union and former Allied Powers."
world-history-geography,W.56,"Describe the economic and military power shift at the end of World War II, such as Soviet control over Eastern Europe and the economic recoveries of Germany and Japan.","Analyze the rise of communism and Mao Zedong in China, as well as the related political, social, and economic impacts on China."
world-history-geography,W.57,"Analyze the rise of communism and Mao Zedong in China, as well as the related political, social, and economic impacts on China.","Summarize the functions of the Warsaw Pact and NATO, including their roles in organizing post-war Europe."
world-history-geography,W.58,"Describe the characteristics of the Cold War, and explain reasons for the rising tensions between the Soviet Union and former Allied powers.",Describe methods of Soviet control in Eastern Europe and the role of Berlin as a focal point in escalating Cold War tensions.
world-history-geography,W.59,"Summarize the functions of the Warsaw Pact and NATO, including their roles in organizing post-war Europe.","Explain the role of the nuclear arms race, mutual assured destruction, and arms control agreements within the context of rising tensions between the Soviet Union and United States (e.g., Cuban Missile Crisis)."
world-history-geography,W.60,Describe methods of Soviet control in Eastern Europe and the role of Berlin as a focal point in escalating Cold War tensions.,"Describe examples of national uprisings against the Soviet Union (e.g., Hungary and Czechoslovakia), and explain why they were unsuccessful."
world-history-geography,W.61,"Explain the role of the nuclear arms race, mutual assured destruction, and arms control agreements within the context of rising tensions between the Soviet Union and U.S.","Describe the competition in Asia between the Soviet Union and United States, including the wars in Korea and Vietnam as examples of proxy wars."
world-history-geography,W.62,"Describe examples of national uprisings against the Soviet Union (e.g., Hungary and Czechoslovakia), and explain why they were unsuccessful.","Explain reasons for the rapid decline of communist systems, including: • Chernobyl nuclear disaster • Economic inefficiency • Fall of the Berlin Wall • Mass protests in Eastern Europe and China • Mikhail Gorbachev’s reforms • Soviet coup d’etat of 1991 • Unsustainable military spending"
world-history-geography,W.63,"Describe the competition in Asia between the Soviet Union and U.S., including the wars in Korea and Vietnam as examples of proxy wars.","Analyze the political, economic, social, and geographic consequences of the collapse of communist governments and restructure of nation states in the former Soviet Union and Eastern Europe (e.g., Czech Republic, Slovakia, Ukraine, Armenia)."
world-history-geography,W.64,"Explain reasons for the rapid decline of communist systems in the late 1980s, including: Economic inefficiency; Unsustainable military spending; Mikhail Gorbachev's reforms; Mass protests in Eastern Europe and China; 1991 Soviet coup d'état",Explain the causes and effects of German reunification on both West and East Germany.
world-history-geography,W.65,"Analyze the political, economic, social, and geographic consequences of the collapse of communist governments in the Soviet Union and Eastern Europe.","Describe how competing national, ethnic, and religious interests led to conflict and the establishment of new countries in the Balkans."
world-history-geography,W.66,Explain the push and pull factors of migration.,Explain the reasons for and the effects of the partition of the Indian subcontinent into India and Pakistan in 1947.
world-history-geography,W.67,Explain the reasons for and the effects of the partition of the Indian subcontinent into India and Pakistan in 1947.,"Explain the factors that led to the creation of a lasting democratic government in India as well as the roles of political leaders (e.g., Mohandas Gandhi, Jawaharlal Nehru, Indira Gandhi)."
world-history-geography,W.68,"Explain the factors that led to the creation of a lasting democratic government in India as well as the roles of political leaders (e.g., Mohandas Gandhi, Jawaharlal Nehru, Indira Gandhi).","Describe the development, goals, and outcomes of nationalist movements in Africa, including the ideas and roles of nationalist leaders (e.g., Jomo Kenyatta, Patrice Lumumba, and Gamal Abdel Nasser)."
world-history-geography,W.69,"Describe the development, goals, and outcomes of nationalist movements in Africa, including the ideas and roles of nationalist leaders (e.g., Jomo Kenyatta, Patrice Lumumba, and Gamal Abdel Nasser).","Explain the fight against and dismantling of the apartheid system in South Africa, including the roles of Nelson and Winnie Mandela and the African National Congress."
world-history-geography,W.70,"Explain the fight against and dismantling of the apartheid system in South Africa, including the roles of Nelson Mandela and the African National Congress.","Analyze the political, economic, ethnic, geographic (i.e., boundaries and features) and military challenges faced by newly-created countries in post-imperial Africa (e.g., civil war, genocide, corruption)."
world-history-geography,W.71,"Analyze the political, economic, ethnic, and military challenges faced by newly-created countries in post-imperial Africa (e.g., civil war, genocide, corruption).","Explain how ideological conflicts between capitalism and communism led to armed insurgencies, revolutions, and military dictatorships in Latin American nations, including Argentina, Colombia, Cuba, and Nicaragua."
world-history-geography,W.72,"Explain how ideological conflicts between capitalism and communism led to armed insurgencies, revolutions, and military dictatorships in Latin American nations, including: Argentina, Colombia, Cuba, and Nicaragua.","Analyze the ongoing Arab-Israeli Conflict and the peace processes in the Middle East, including Camp David Accords."
world-history-geography,W.73,"Describe how competing national, ethnic, and religious interests led to conflict and the establishment of new countries in the Balkans.","Compare and contrast the causes and effects of modern genocide, including in Cambodia, Rwanda, and the former Yugoslavia."
world-history-geography,W.74,"Compare and contrast the causes and effects of modern genocide, including in: Cambodia, Rwanda, and the former Yugoslavia.","Describe significant economic development in the contemporary world, such as: • Influence of trade organizations (e.g., NAFTA, OPEC) • Influence of technology (e.g., GIS, GPS) • Impact of a global economy"
world-history-geography,W.75,Explain the causes and effects of German reunification on both West and East Germany.,"Describe patterns of globalization and its impact in the contemporary world, such as: • Influence of supranational organizations (e.g., UN, G-7) • Population change (e.g., growth, decline, control) • Resurgence of tribalism"
world-history-geography,W.76,"Analyze the response of Arab countries to the creation of the State of Israel and the peace processes in the Middle East, including the Camp David and Oslo Accords.","Describe significant social and political issues in the contemporary world, such as: • Human Trafficking • Military Conflicts (e.g., Bosnia, Terrorism) • Territorial Disputes (e.g., Arab-Israeli Conflict) • Global terrorism"
us-government-civics,GC.01,"Examine the influences of leading European thinkers (e.g., John Locke, Charles-Louis Montesquieu, Thomas Hobbes) and other roots of American government (e.g., Greek democracy, Roman republic, Magna Carta).",Describe the purpose and functions of government.
us-government-civics,GC.02,Examine the Declaration of Independence and American grievances against British rule.,"Compare and contrast different forms of government, such as monarchy, oligarchy, democracy, and republic."
us-government-civics,GC.03,Identify the strengths and weaknesses of the Articles of Confederation.,"Analyze the influence of various thinkers on the formation of U.S. government, such as William Blackstone, John Locke, Charles-Louis Montesquieu, and Thomas Hobbes."
us-government-civics,GC.04,"Discuss the Constitutional Convention of 1787, including the Great Compromise and the ensuing debate over ratification between the Federalists and Anti-Federalists.","Analyze the influence of past governments on the formation of the United States, such as Greek democracy, Roman republic, the Magna Carta, and the Mayflower Compact."
us-government-civics,GC.05,Describe the purposes and functions of government as outlined in the Preamble of the Constitution.,Examine the Declaration of Independence and American grievances against British rule.
us-government-civics,GC.06,"Describe limited government within the Constitution, including: Checks and balances; Civilian control of the military; Federalism; Judicial review; Popular sovereignty; Rule of law; Separation of powers",Identify the strengths and weaknesses of the Articles of Confederation.
us-government-civics,GC.07,Describe the structure of the Constitution and the process to amend it.,"Discuss the Constitutional Convention of 1787, including major compromises (e.g., Great Compromise, Three-Fifths Compromise, importation of enslaved people, and the electoral college)."
us-government-civics,GC.08,Analyze how the Bill of Rights limits the powers of the government and ensures individual rights. (T.C.A. § 49-6-1028),"Identify key debates surrounding the ratification of the constitution between the Federalists (e.g., Federalist Papers) and Anti-federalists (e.g., Brutus Papers)."
us-government-civics,GC.09,"Define the concepts of democracy and republic, and examine the relationship between the two.",Describe the purposes of government as outlined in the Preamble of the Constitution.
us-government-civics,GC.10,"Analyze Article I and the 17th Amendment of the Constitution as they relate to the legislative branch, including: eligibility for office, roles, length of terms, and election to office for representatives and senators, respectively.","Describe principles of limited government in the U.S. Constitution, including: • Checks and balances • Federalism • Judicial Review • Popular sovereignty • Rule of law • Separation of powers"
us-government-civics,GC.11,"Describe the census and its role in redistricting and reapportionment, including the role of Baker v. Carr.",Describe the structure of the Constitution and the process to amend it.
us-government-civics,GC.12,"Identify leadership positions of the legislative branch, including: Majority and minority leaders; President pro tempore; Role of the vice president; Speaker of the House","Analyze Article I and the 17th Amendment of the Constitution as they relate to the legislative branch, including: • Election to office for representatives and senators • Eligibility for office • Length of terms • Roles and responsibilities"
us-government-civics,GC.13,Describe the process of how a bill becomes a law.,"Describe the census and its role in redistricting and reapportionment, including the role of Baker v. Carr and Shaw v. Reno."
us-government-civics,GC.14,Identify the Tennessee representatives and senators to U.S. Congress.,"Identify leadership positions in the legislative branch and describe their roles, including: • Majority and minority leaders • President pro tempore • Role of the vice president • Speaker of the House"
us-government-civics,GC.15,"Describe the powers of U.S. Congress, including: Appropriations; Commerce; Confirmations; Declaration of war; Implied powers; Necessary and proper clause",Describe the legislative process from the introduction of a bill to a presidential action.
us-government-civics,GC.16,"Analyze Article II of the Constitution as it relates to the executive branch, including: Appointments; Commander-in-chief of the military; Eligibility for office; Executive orders; Length of term (22nd Amendment); Oath of office; Powers of the president; Succession (25th Amendment); Treaties",Identify Tennessee’s U.S. Senators and the representative for the student’s respective district.
us-government-civics,GC.17,"Identify major departments of the executive branch, including: Defense; Education; Justice; State; Treasury","Identify the enumerated, implied, and concurrent powers of the U.S. Congress."
us-government-civics,GC.18,"Explain the Electoral College system, and compare and contrast arguments for and against it.","Explain the process and significance of congressional elections (e.g., mid-term elections)."
us-government-civics,GC.19,"Analyze Article III of the Constitution as it relates to judicial power, including the length of terms and the jurisdiction of the U.S. Supreme Court.",Identify the arguments in Federalist Paper #70 that addresses the establishment of the executive office.
us-government-civics,GC.20,Explain the processes of selection and confirmation of Supreme Court justices.,"Analyze Article II of the Constitution as it relates to the executive branch, including: • Length of Term (i.e., 22nd Amendment) • Eligibility for office • Oath of office • Succession (i.e., 25th Amendment) • Impeachment"
us-government-civics,GC.21,Explain the process of judicial review established by Marbury v. Madison.,"Describe the various powers and roles of the presidency, including: • Commander-in-Chief • Treaty negotiation • Appointments • Executive orders • Pardons and clemency"
us-government-civics,GC.22,Describe the Supreme Court's role in determining the constitutionality of laws and acts of the legislative and executive branches.,"Identify and describe the functions of executive branch departments and agencies (e.g., bureaucracies) in the United States, including: • Defense • State • Treasury • Justice"
us-government-civics,GC.23,"Evaluate the Supreme Court's interpretations of the freedoms articulated in the 1st Amendment, including: Schenck v. United States; Engel v. Vitale; Tinker v. Des Moines; Lemon v. Kurtzman; New York Times v. United States; Miller v. California; Texas v. Johnson",Trace the sequence of a presidential election from initial candidacy through inauguration.
us-government-civics,GC.24,"Explain the 2nd Amendment, and evaluate its various interpretations.","Explain the Electoral College system, and compare and contrast arguments for and against it."
us-government-civics,GC.25,"Evaluate the Supreme Court's interpretations of freedoms in the 4th through 8th Amendments, including: Mapp v. Ohio; Gideon v. Wainwright; Miranda v. Arizona",Identify the arguments in Federalist Paper #78 that addresses the establishment of the federal courts system.
us-government-civics,GC.26,"Evaluate the Supreme Court's interpretations of the freedoms in the 14th Amendment, equal protection, and due process clauses, including: Plessy v. Ferguson; Gitlow v. New York; Brown v. Board of Education; Roe v. Wade; Obergefell v. Hodges","Analyze Article III of the Constitution as it relates to judicial power, including the length of terms and the jurisdiction of the U.S. Supreme Court."
us-government-civics,GC.27,"Identify and explain legislation and legal precedents that established rights for the underserved, including Title IX and the Americans with Disabilities Act.",Explain the processes of selection and confirmation of Supreme Court justices.
us-government-civics,GC.28,"Identify the functions of departments and agencies of the executive, legislative, and judicial branches in the state of Tennessee.","Explain the principle of judicial review established by Marbury v. Madison, and how it is used as a check on other branches of federal and state governments."
us-government-civics,GC.29,"Explain the differences among the types of local governments in Tennessee, including county, city, and metro governments, as well as the legal, fiscal, and operational relationships between them and the state government.",Analyze how the Bill of Rights limits the powers of the government and ensures individual rights. (T.C.A. § 49-6-1028)
us-government-civics,GC.30,Identify the current governor of Tennessee and the representatives in the General Assembly (for a student's respective district).,"Analyze the First Amendment and its application to freedom of speech in historical and contemporary Supreme Court cases, including Schenck v. United States and Tinker v. Des Moines."
us-government-civics,GC.31,"Describe what should be reasonably expected from any citizen or resident of the U.S., and explain why it is important for the well-being of the nation, including: Being informed on civic issues; Obeying the law; Paying taxes; Respecting the rights of others; Serving as a juror; Serving in the military or alternative service; Volunteering and performing public service; Voting","Analyze the First Amendment and its application to freedom of religion in historical and contemporary Supreme Court cases, including Engel v. Vitale and Wisconsin v. Yoder."
us-government-civics,GC.32,"Explain the role of political parties in the nomination process for presidential candidates and the importance of and difference between primaries, caucuses, and general elections.","Analyze the First Amendment and its application to freedom of press in historical and contemporary Supreme Court cases, including New York Times Co. v. United States and Hazelwood School District v. Kuhlmeier."
us-government-civics,GC.33,Describe the role of the media as a means of communicating information and how it influences the importance of issues and public opinion.,"Describe the Supreme Court’s interpretations of the Second Amendment, including: • District of Columbia vs. Heller • McDonald vs. Chicago • The New York State Rifle and Pistol Association, Inc. vs. Bruen"
us-government-civics,GC.34,"Describe the means that citizens use to participate in the political process, including: Campaigning; Demonstrating; Lobbying; Petitioning; Running for office; Voting","Describe the Supreme Court’s interpretations of freedoms in the Fourth through Eighth Amendments, including: • Mapp vs. Ohio • Gideon vs. Wainwright • Miranda vs. Arizona"
us-government-civics,GC.35,"Explain the requirements to be considered a natural-born U.S. citizen, and describe the process of naturalization, including the knowledge required by the Naturalization Test.","Describe the Supreme Court’s interpretations of the freedoms in the 14th Amendment, equal protection, and due process clauses, including: • Plessy vs. Ferguson and Brown vs. Board of Education • Roe vs. Wade and Dobbs vs. Jackson’s Women’s Health Organization • Loving vs. Virginia and Obergefell vs. Hodges"
tennessee-history,TN.01,Describe changes in life in the Tennessee region from the late ice age through the Archaic period.,"Describe the geographic features that make up the three grand divisions of Tennessee (i.e., East, Middle, and West)."
tennessee-history,TN.03,"Analyze the customs and traditions of American Indians located in the Tennessee region prior to European contact, including: Cherokee; Chickasaw; Creek; Iroquois; Shawnee",Compare and contrast features of life in the Tennessee region during the Woodland and Mississippian periods.
tennessee-history,TN.04,"Describe the impact of European exploration in the Tennessee region, including the significance of Christopher Columbus, Hernando de Soto, and Juan Pardo.","Analyze the customs and traditions of American Indians present in the Tennessee region prior to European contact, including: • Cherokee • Chickasaw • Creek • Iroquois • Shawnee"
tennessee-history,TN.05,Describe the influx of British and French settlers and fur traders in the Tennessee region and their impact on American Indian tribes.,"Describe the impact of European exploration in the Tennessee region, including the significance of Christopher Columbus, Hernando de Soto, and Juan Pardo."
tennessee-history,TN.07,"Describe the effects of migration into the Tennessee region, including the development of the Watauga and Cumberland Settlements.","Explain the conflict between the British, the French, and American Indians for land in the Tennessee region prior to the French and Indian War."
tennessee-history,TN.08,"Identify episodes of fighting that occurred in the Tennessee region during the American Revolution (e.g., Battle of Kings Mountain) and the effects of American victory on the area.","Describe the effects of migration into the Tennessee region, including the development of the Watauga and Cumberland Settlements."
tennessee-history,TN.09,Identify reasons for the foundation and failure of the independent state of Franklin in 1784.,"Identify episodes of fighting that occurred in the Tennessee region during the American Revolution (e.g., Battle of Kings Mountain) and the effects of American victory on the area."
tennessee-history,TN.10,"Analyze the effects of land speculation on settlement in the Territory South of the River Ohio (i.e., the Southwest Territory).",Identify reasons for the foundation and failure of the independent state of Franklin in 1784.
tennessee-history,TN.11,Analyze the conflicts between early Tennessee settlers and American Indians.,"Analyze the effects of land speculation on settlement in the Southwest Territory (i.e., the Territory South of the River Ohio)."
tennessee-history,TN.12,Describe the events and trace the process of Tennessee achieving statehood in 1796.,Describe the conflicts between early Tennessee settlers and American Indians.
tennessee-history,TN.13,Describe major features of the Tennessee Constitution of 1796. (T.C.A. §49-6-1028),Describe the events leading to Tennessee's achievement of statehood in 1796.
tennessee-history,TN.14,"Analyze the growth of Middle Tennessee in the early 1800s in power and influence, including the relocation of the capital.",Describe major features of the Tennessee Constitution of 1796. (T.C.A. §49-6-1028)
tennessee-history,TN.15,"Describe the distribution of slaves between the three grand divisions of Tennessee, the lives of free blacks and slaves, and the role of Tennesseans in the early abolition movement (e.g., Elihu Embree).","Analyze the growth of Middle Tennessee in the early 1800s in power and influence, including the relocation of the capital."
tennessee-history,TN.16,"Describe aspects of farm life, work, religion, and community for families in early Tennessee.","Describe the trafficking of enslaved persons between the three grand divisions of Tennessee, the lives of free blacks and enslaved persons, and the role of Tennesseeans in the early abolition movement (e.g., Elihu Embree)."
tennessee-history,TN.18,Describe the New Madrid Earthquakes of 1811-12 and the resulting effects on the land and culture of Tennessee.,Describe the economy of Tennessee in the early 19th century.
tennessee-history,TN.19,"Describe Tennessee’s involvement in the War of 1812 (e.g., Tennessee volunteers, Felix Grundy, Andrew Jackson), and analyze the role of American Indians during the war.",Describe the New Madrid Earthquakes of 1811-12 and the resulting effects on the land and culture of Tennessee.
tennessee-history,TN.20,"Describe the significance of the Mississippi River, the Jackson Purchase, and the introduction of cotton in the rapid growth of Memphis and West Tennessee.","Analyze the War of 1812’s impact on Tennessee, including: • American Indian peoples • Andrew Jackson • Felix Grundy • Tennessee Volunteers"
tennessee-history,TN.21,"Explain the importance of transportation, technology, and geography in Tennessee’s growing involvement in the national economy after the War of 1812, including the significance of: Cash crops (e.g., cotton, tobacco); Natchez Trace; Road improvements; Steamboats","Describe the significance of the Mississippi River, the Jackson Purchase, and the introduction of cotton in the rapid growth of Memphis and West Tennessee."
tennessee-history,TN.22,Describe the contributions of Presidents Andrew Jackson and James K. Polk to Tennessee and American history.,"Explain the importance of transportation, technology, and geography in Tennessee’s growing involvement in the national economy after the War of 1812, including the significance of: • Cash crops (e.g., cotton, tobacco) • Natchez Trace • Road improvements • Steamboats • Telegraph"
tennessee-history,TN.23,Describe the impact of the Indian Removal Act and the Trail of Tears on Tennessee.,Describe the influences of Presidents Andrew Jackson and James K. Polk on American history.
tennessee-history,TN.24,"Discuss the contributions of important figures during Tennessee’s “golden age,” including: John Bell; David Crockett; James C. Jones; Newton Cannon; Ephraim Foster; Sequoyah; William Carroll; Sam Houston; Hugh Lawson White",Analyze the impact of the Indian Removal Act and the Trail of Tears on Tennessee.
tennessee-history,TN.25,Identify the significance of the Tennessee Constitution of 1834. (T.C.A. §49-6-1028),"Discuss the contributions of important figures during Tennessee’s “golden age,” including: • John Bell • Newton Cannon • William Carroll • David Crockett • Elihu Embree • Ephraim Foster • Sam Houston • Sequoyah • Hugh Lawson White"
tennessee-history,TN.26,"Describe the development of slavery in Tennessee from 1800 to 1860, including the distribution of slaves and conflicting attitudes among the three grand divisions.",Identify the significance of the Tennessee Constitution of 1834. (T.C.A. §49-6-1028)
tennessee-history,TN.27,Discuss the importance of the Nashoba Community and Free Hill as settlements for freed slaves.,"Describe the development of slavery in Tennessee from 1800 to 1860, including the distribution of enslaved persons and conflicting attitudes among the three grand divisions."
tennessee-history,TN.28,Explain the causes of the Civil War and how geographic and political divisions impacted Tennessee’s secession.,Discuss the importance of the Nashoba Community and Free Hill as settlements for formerly enslaved people.
tennessee-history,TN.29,"Describe Tennessee’s role in the Civil War, including: Sieges of Fort Henry and Fort Donelson; Battle of Shiloh; Battle of Stones River; Chattanooga Campaign; Johnsonville Campaign; Battle of Franklin; Battle of Nashville",Explain the causes of the Civil War and how geographic and political divisions impacted Tennessee’s secession.
tennessee-history,TN.30,"Identify the contributions of Tennesseans during the Civil War, including: Sam Davis; William Driver; David Farragut; Nathan Bedford Forrest; Isham Harris; Andrew Johnson; Sam Watkins","Describe important Civil War battles in Tennessee by region, including: • Sieges of Fort Henry • Fort Donelson • Battle of Shiloh • Knoxville Campaign • Chattanooga Campaign • Battle of Stones River • Fort Pillow Massacre • Battle of Franklin • Johnsonville Campaign • Battle of Nashville"
tennessee-history,TN.31,"Describe how the Civil War impacted various populations in Tennessee (e.g., African Americans, American Indians, and women).","Identify the influences of Tennesseans during the Civil War, including • Sam Davis • William Driver • David Farragut • Nathan Bedford Forrest • Isham Harris • Andrew Johnson • Sam Watkins"
tennessee-history,TN.32,Explain William Brownlow’s role in the development of Reconstruction.,"Describe the importance of the Medal of Honor, its origins in Tennessee, and its continued legacy to present-day."
tennessee-history,TN.33,Discuss the impeachment of President Andrew Johnson and its impact both nationally and in Tennessee.,Explain the significance of the Sultana disaster.
tennessee-history,TN.34,"Describe the rise, influence, and opposition of the Ku Klux Klan in Tennessee.","Describe how the Civil War impacted various populations in Tennessee (e.g., African Americans, American Indians, and women)."
tennessee-history,TN.35,"Explain the development and efforts of the Freedmen’s Bureau schools, including Fisk University.",Explain William Brownlow’s role in the development of Reconstruction.
tennessee-history,TN.36,"Identify early elected black lawmakers and leaders in Tennessee (e.g., Sampson Keeble and William Yardley), and determine their significance.",Explain the impacts of impeachment of President Andrew Johnson.
tennessee-history,TN.37,Explain the development of the 1870 Tennessee Constitution. (T.C.A. § 49-6-1028),"Describe the rise, influence, and opposition of the Ku Klux Klan in Tennessee."
tennessee-history,TN.38,"Identify exodusters (e.g., Benjamin “Pap” Singleton), and describe their experiences.","Explain the development and efforts of the Freedmen’s Bureau schools, including Fisk University."
tennessee-history,TN.39,Explain developments in Tennessee’s farming during the late 19th century as a result of industrialization.,"Identify and describe the significance of of early elected black lawmakers and leaders (e.g., John W. Boyd, Sampson Keeble, and William Yardley)."
tennessee-history,TN.40,"Describe the social, economic, and political changes to Tennessee in the post-Reconstruction era, and identify the laws put in place to exclude black lawmakers by 1890.","Explain the development, legacy, and changes of the 1870 Tennessee Constitution. (T.C.A. § 49-6- 1028)"
tennessee-history,TN.41,Discuss the impact of the yellow fever epidemic on Memphis.,"Describe the experiences of exodusters, including Benjamin “Pap” Singleton."
tennessee-history,TN.42,Describe the events that led to the Coal Creek Wars in Anderson and the surrounding counties over the state of Tennessee’s decision to replace coal miners with prisoners.,Explain developments in Tennessee’s farming during the late 19th century as a result of industrialization.
tennessee-history,TN.43,"Describe Tennessee’s Centennial Exposition, and explain its significance.","Describe the social, economic, and political changes to Tennessee in the post-Reconstruction era, and identify the laws put in place to exclude black lawmakers by 1890."
tennessee-history,TN.44,"Analyze the effect of Jim Crow laws on Tennessee, and identify the efforts of advocates for African Americans, including the significance of: W.E.B. Du Bois, James Napier, and Mary Church Terrell.",Discuss the impact of the yellow fever epidemic on Memphis.
tennessee-history,TN.45,"Summarize the influence of and reactions to the temperance movement in Tennessee, including the murder of Senator Edward Carmack.",Describe the events that led to the Coal Creek Wars in Anderson and the surrounding counties over the state of Tennessee’s decision to replace coal miners with prisoners.
tennessee-history,TN.46,"Describe Tennessee’s impact on the suffrage movement, including the following: “Perfect 36,” Harry Burn, Anne Dallas Dudley, and A.H. Roberts.","Describe Tennessee’s Centennial Exposition, and explain its significance."
tennessee-history,TN.47,"Explain Tennessee’s connection to World War I, including the impact of Alvin C. York and the Alcoa plant.","Analyze the effects of Jim Crow laws on Tennessee, including the efforts of advocates for African Americans: • W.E.B. Du Bois • James Napier • Mary Church Terrell • Ida B. Wells-Barnett"
tennessee-history,TN.48,Identify Governor Austin Peay and his influence on Tennessee’s infrastructure and education.,"Summarize the influence of and reactions to the temperance movement in Tennessee, including the murder of Senator Edward Carmack."
tennessee-history,TN.49,Analyze how the Scopes Trial reflected societal tension between tradition and modernity.,"Describe Tennessee’s impact on the suffrage movement, including Harry Burn, Anne Dallas Dudley, and A.H. Roberts."
tennessee-history,TN.50,"Describe major developments in country music (e.g., Grand Ole Opry, WSM, and the Carter family) and blues music (e.g., W.C. Handy and Bessie Smith) in Tennessee during this era.","Explain Tennessee’s connection to World War I, including the impact of Alvin C. York and the Alcoa plant."
tennessee-history,TN.51,"Describe how the Great Depression and New Deal programs impacted Tennesseans, including the significance of: the Agricultural Adjustment Act, Civilian Conservation Corps, Tennessee Valley Authority, and Great Smoky Mountains National Park.",Identify Governor Austin Peay and his influence on Tennessee’s infrastructure and education.
tennessee-history,TN.52,"Analyze the impact Tennessee innovators (e.g., David Crosthwait and Clarence Saunders) had on the nation.",Analyze how the Scopes Trial reflected societal tension between tradition and modernity.
tennessee-history,TN.53,"Evaluate Tennessee’s contributions during World War II, including the impact of Camp Forrest, Camp Tyson, and Oak Ridge as well as the influence of Tennesseans during the war (e.g., Cornelia Fort and Cordell Hull).","Describe major developments in music in Tennessee during this era: • Country Music (e.g., Grand Ole Opry, WSM, Carter family, Bristol Sessions) • Blues Music (e.g., W.C. Handy and Bessie Smith)"
tennessee-history,TN.54,Describe major agricultural shifts in Tennessee post-World War II and their impact economically and socially.,"Analyze how the Great Depression and New Deal programs impacted Tennesseans, including: • Agricultural Adjustment Act • Civilian Conservations Corps • Tennessee Valley Authority • Great Smoky Mountains National Park"
tennessee-history,TN.55,"Analyze the significance of key Tennesseans on both the state and national level during the 1950s and 1960s, including: Frank Clement, Ed Crump, Al Gore, Sr., Estes Kefauver, and John Seigenthaler.","Explain the impact Tennessee innovators had on the nation (e.g., David Crosthwait and Clarence Saunders)."
tennessee-history,TN.56,"Describe Tennessee’s role in the Civil Rights Movement (e.g., sit-ins and Diane Nash, Highlander Folk School, Tent City Movement of Fayette County, Columbia Race Riots, and the Clinton Twelve). (T.C.A. § 49-6-1006)","Describe Tennessee’s contributions during World War II, including the impact of Camp Forrest, Camp Tyson, and Oak Ridge (e.g., Manhattan Project) as well as the influence of Tennesseans during the war (e.g., Cornelia Fort and Cordell Hull)."
tennessee-history,TN.57,"Identify major Tennessee figures involved in the Civil Rights Movement (e.g., Rev. James Lawson, Kelly Miller Smith). (T.C.A. § 49-6-1006)",Describe major agricultural shifts in Tennessee post-World War II and their impact economically and socially.
tennessee-history,TN.58,"Describe the purpose of Martin Luther King, Jr.’s presence in Memphis, the circumstances leading to his assassination, and the significance of the placement of the National Civil Rights Museum at the Lorraine Motel. (T.C.A. § 49-6-1006)","Analyze the significance of key Tennesseans on both state and national levels during the 1950s and 1960s, including: • Frank Clement • Ed Crump • Al Gore, Sr. • Estes Kefauver • John Seigenthaler"
tennessee-history,TN.59,"Discuss the development of rock ‘n’ roll music in Tennessee and its impact on the changing American culture, including the significance of: Elvis Presley, Stax Records, and Sun Studio.","Describe Tennessee’s role in the Civil Rights Movement, including: • Sit-ins • Diane Nash • John Lewis • Highlander Folk School • Tent City Movement of Fayette County • Columbia Race Riots • Scarboro 85 and the Clinton 12 (T.C.A. § 49-6-1006)"
tennessee-history,TN.60,"Describe cultural developments in Tennessee during the 1970s and 1980s, including: Country Music Hall of Fame, Music Row, Opryland, and the 1982 World’s Fair.","Identify major Tennessee figures involved in the Civil Rights Movement (e.g., Rev. James Lawson, Kelly Miller Smith). (T.C.A. § 49-6-1006)"
tennessee-history,TN.61,"Identify the contributions of influential Tennesseans of the era, including: Lamar Alexander; Alex Haley; Pat Summitt; Howard Baker; Dolly Parton; Fred Thompson; Al Gore, Jr.; Wilma Rudolph; Oprah Winfrey","Describe the purpose of Martin Luther King, Jr.’s presence in Memphis, the circumstances leading to his assassination, and the significance of the placement of the National Civil Rights Museum at the Lorraine Motel. (T.C.A. § 49-6-1006)"
tennessee-history,TN.62,"Identify major attractions and events that fuel the tourism industry in Tennessee, including the impact of: Bristol Motor Speedway; Pigeon Forge (Gatlinburg); Civil War sites; State and national parks; CMA Music Festival; Tennessee Aquarium; Graceland","Discuss the development of rock ‘n’ roll music in Tennessee and its impact on the changing American culture, including the significance of Elvis Presley, Stax Records, and Sun Studio."
tennessee-history,TN.63,"Discuss the impact of major businesses in Tennessee, such as: AutoZone; Nissan; Eastman; Toyota; FedEx; Volkswagen; HCA","Describe cultural developments in Tennessee during the 1970s and 1980s, including the Country Music Hall of Fame, Music Row, Opryland, and the 1982 World’s Fair."
tennessee-history,TN.64,"Describe significant and/or unique products from Tennessee (e.g., Cracker Barrel, Goo Goo Cluster, Moon Pie, Mountain Dew).","Identify the contributions of influential Tennesseans of the era, including: • Lamar Alexander • Howard Baker • Al Gore, Jr. • Alex Haley • Dolly Parton • Wilma Rudolph • Pat Summitt • Fred Thompson • Oprah Winfrey"
grade-06,6.03,"Explain the impact of the Agricultural Revolution, including: Barter economy; Domestication of plants and animals; Emergence of permanent settlements; Food surpluses; Labor specialization; New sources of clothing and shelter","Explain the impact of the Neolithic Revolution, including: • Agriculture • Domestication of plants and animals • Emergence of permanent settlements • Food surpluses • Increased Barter economy • Labor specialization • New sources of clothing and shelter"
grade-06,6.10,"Explain the concept of polytheism and its presence in Mesopotamia, with respect to beliefs about the relationship of deities to the natural world and their importance in everyday life.",Describe the social hierarchy of ancient Mesopotamian society.
grade-06,6.11,"Identify important achievements of the Mesopotamian civilization, including cuneiform, clay tablets, and ziggurats, and identify the Epic of Gilgamesh as the oldest written epic.","Explain the concept of polytheism in Mesopotamia, with respect to beliefs about the relationship of deities to the natural world and their importance in everyday life."
grade-06,6.12,"Analyze the impact of the introduction of written law in the Code of Hammurabi, and explain its basic principles of justice.","Identify important achievements of the Mesopotamian civilization, including cuneiform, clay tablets, and ziggurats, and identify the Epic of Gilgamesh as the oldest written epic."
grade-06,6.13,"Identify and locate geographical features of ancient Egypt, including: Mediterranean Sea; Red Sea; Nile Delta; The regions of Upper and Lower Egypt; Nile River; The Sahara","Analyze the impact of the Code of Hammurabi, including the introduction of written law and basic principles of justice."
grade-06,6.14,"Explain how agricultural practices impacted life and economic growth in ancient Egypt, including the use of irrigation and development of a calendar.","Identify and locate on a map geographical and political features of ancient Egypt, including: • Mediterranean Sea • Nile Delta • Nile River • Nubia • Red Sea • The regions of Upper and Lower Egypt • The Sahara"
grade-06,6.15,"Explain the structure of ancient Egyptian society, including: Relationships between groups of people; How social classes were organized by occupation; Positions of pharaohs as god/kings; Role of slaves","Explain how agricultural practices impacted life in ancient Egypt, including the use of irrigation and development of a calendar."
grade-06,6.16,"Explain the polytheistic religion of ancient Egypt, with respect to beliefs about the afterlife, the reasons for mummification, and the use of pyramids.","Describe the social structure of ancient Egyptian society, including: • How social classes were organized by occupation • Role of enslaved people • Position of pharaoh as a god-king"
grade-06,6.17,"Analyze the impact of key figures from ancient Egypt, including: Growth under the leadership of Queen Hatshepsut and her economic policies; Ramses the Great's military conquests leading to growth of the kingdom; Significance of the discovery of Tutankhamun's tomb on the understanding of ancient Egypt","Explain the concept of polytheistic religion in ancient Egypt, with respect to the beliefs about the afterlife and reasons for mummification."
grade-06,6.18,"Analyze the achievements of ancient Egyptian civilization, including: hieroglyphics, papyrus, and the pyramids and Sphinx at Giza.","Analyze the impact of key figures from ancient Egypt, including: • Growth under the leadership of Queen Hatshepsut and her economic policies • Significance of the discovery of Tutankhamun’s tomb on the understanding of ancient Egypt • Ramses the Great’s military conquests leading to growth of the kingdom"
grade-06,6.19,"Examine the cultural diffusion of ancient Egypt with surrounding civilizations through trade and conflict, including its relationship with Nubia.","Analyze the achievements of ancient Egypt, including hieroglyphics, papyrus, and structures at Giza (i.e., the pyramids and Sphinx)."
grade-06,6.20,"Identify and locate geographical features of ancient Israel, including: Dead Sea; Mediterranean Sea; Jerusalem; Red Sea; Jordan River; Sinai Peninsula","Examine the relationship between ancient Egypt and Nubia, including cultural diffusion through trade and conflict."
grade-06,6.21,"Describe the development of the ancient Israelites, and explain the reasons for their movements from Mesopotamia to Canaan (later called Israel), from Canaan to Egypt, and from Egypt back to Canaan.","Identify and locate on a map geographical and political features of ancient Israel, including: • Dead Sea • Jerusalem • Jordan River • Mediterranean Sea • Red Sea • Sinai Peninsula"
grade-06,6.22,"Describe the origins and central features of Judaism: Key Person(s): Abraham, Moses; Sacred Texts: The Tanakh (i.e., Hebrew Bible); Basic Beliefs: monotheism, Ten Commandments, emphasis on individual worth and personal responsibility","Analyze the development of the ancient Israelites, and explain the reasons for their movements from Mesopotamia (i.e., Ur of the Chaldees) to Canaan (later called Israel), from Canaan to Egypt, and from Egypt back to Canaan."
grade-06,6.23,"Identify the importance of Saul as the first king of Israel, David as the second king who founded Jerusalem as the capital, and Solomon as the third king who built the first temple.","Describe the origins and central features of Judaism: • Key Person(s): Abraham, Moses • Sacred Texts: The Tanakh (i.e., Hebrew Bible, including the Torah) • Basic Beliefs: monotheism, Ten Commandments, emphasis on individual worth and personal responsibility"
grade-06,6.24,"Summarize the breakup of the Kingdom of Israel, Babylonian captivity, and the return of the Jews to their homeland under the Persian Empire.","Identify the importance of Saul as the first king of Israel, David as the second king who founded Jerusalem as the capital, and Solomon as the third king who built the first temple."
grade-06,6.25,"Identify and locate geographical features of ancient India, including: Ganges River; Indus River; Himalayan Mountains; Monsoon winds; Indian Ocean; Subcontinent of India","Explain the Assyrian and Babylonian captivities and exiles after the breakup of the Kingdom of Israel, and the return of the Jews to their homeland under the Persian Empire."
grade-06,6.26,"Explain the emergence of the Harappan civilization in the Indus River Valley as an early agricultural civilization, and describe its achievements, including: Architecture built with bricks; Arranging roads into a series of grid-systems; Sanitation and sewer systems","Identify and locate on a map geographical and climatic features of ancient India, including: • Ganges River • Himalayan Mountains • Indian Ocean • Indus River • Monsoon winds • Subcontinent of India"
grade-06,6.27,"Describe the social structure of the caste system, and explain its effect on everyday life in ancient India.","Analyze the Indus River Valley civilizations of Harappa and Mohenjo-Daro as early agricultural civilizations, and describe their achievements, including: • Architecture built with bricks • Well planned grid system of roads • Sanitation and sewer systems"
grade-06,6.28,"Describe the origins and central features of Hinduism: Key Person(s): origins in Aryan traditions; Sacred Texts: The Vedas; Basic Beliefs: dharma, karma, reincarnation, and moksha","Describe the effects of the Aryan migration into India, including changes to religion, social structure, and language."
grade-06,6.29,"Describe the origins and central features of Buddhism: Key Person(s): Siddhartha Gautama (Buddha); Sacred Texts: Tripitaka; Basic Beliefs: Four Noble Truths, Eightfold Path, Nirvana","Describe the social structure of the caste system, and explain its effect on everyday life in ancient India."
grade-06,6.30,"Identify the long-lasting intellectual traditions that emerged during the late empire of ancient India, including: medical education, medical techniques, and mathematics (e.g., Hindu-Arabic numerals).","Describe the origins and central features of Hinduism: • Key Person(s): origins in Aryan traditions • Sacred Texts: The Vedas • Basic Beliefs: dharma, karma, reincarnation, and moksha"
grade-06,6.31,"Identify and locate geographical features of ancient China, including: Gobi Desert; Plateau of Tibet; Himalayan Mountains; Yangtze River; Pacific Ocean; Yellow River","Describe the origins and central features of Buddhism: • Key Person(s): Siddhartha Gautama (Buddha) • Sacred Texts: Tripitaka • Basic Beliefs: Four Noble Truths, Eightfold Path, Nirvana"
grade-06,6.32,"Analyze the influence of geographic features on the origins of ancient Chinese civilization in the Yellow River Valley, and explain how China's geography helped create a unique yet diverse cultural identity that was isolated from the rest of the world.","Analyze the achievements of ancient India, including medical education, medical techniques, yoga as a Hindu practice, and mathematics (e.g., Hindu-Arabic numerals)."
grade-06,6.33,Describe how the size of ancient China made governing difficult and how the concepts of the mandate of heaven and Legalism emerged as solutions to this problem.,"Identify and locate on a map geographical features of ancient China, including: • Gobi Desert • Himalayan Mountains • Pacific Ocean • Plateau of Tibet • Yangtze River • Yellow River"
grade-06,6.34,"Identify the political and cultural problems prevalent in the time of Confucius and how the philosophy of Confucianism and The Analects emphasized the concepts of kinship, order, and hierarchy to address these problems.","Explain the origin of ancient China's civilizations in the Yellow River Valley (e.g., Xia and Shang Dynasty)."
grade-06,6.35,"Explain the significance of the unification of ancient China into the first Chinese empire by Qin Shi Huangdi, beginning the Qin Dynasty.",Analyze how China's geography made governing difficult and influenced isolation from the rest of the world.
grade-06,6.36,Explain how the implementation of the philosophy of Confucianism led to the political success and longevity of the Han Dynasty.,"Describe the concepts of the Mandate of Heaven, it's origin in the Zhou Dynasty, and how Legalism emerged as a solution to cultural, geographic, and political challenges."
grade-06,6.37,"Explain the major accomplishments of the Han Dynasty, including: the magnetic compass, paper making, porcelain, silk, and woodblock printing.","Explain the significance of the unification of ancient China into the first Chinese empire by Qin Shi Huangdi, beginning the Qin Dynasty, including building projects (e.g., the Great Wall, roads and canals), and a standardized writing system."
grade-06,6.38,"Describe how the desire for Chinese goods influenced the creation of The Silk Road and initiated cultural diffusion throughout Eurasia, including the introduction of Buddhism into ancient China.","Identify the political and cultural problems prevalent in the time of Confucius, and how the philosophy of Confucianism and The Analects emphasized the concepts of kinship, order, and hierarchy to address these problems."
grade-06,6.39,"Identify and locate geographical features of ancient Greece, including: Asia Minor; Mediterranean Sea; Athens; Peloponnesian peninsula; Macedonia; Sparta","Explain how the Han Dynasty's political success was influenced by Confucianism, and describe major accomplishments such as the magnetic compass, paper making, porcelain, silk, seismograph and woodblock printing."
grade-06,6.40,"Analyze how the geographical features of ancient Greece, including its mountainous terrain and access to the Mediterranean Sea, contributed to its organization into city-states, role in maritime trade, and colonies in the Mediterranean.","Explain how the development of the Silk Road led to cultural diffusion between China and Eurasia, including traded goods and the spread of Buddhism into ancient China."
grade-06,6.41,"Examine the concept of the polis in Greek city-states, including the ideas of: citizenship, civic participation, and the rule of law.","Identify and locate on a map geographical and political features of ancient Greece, including: • Aegean Sea • Asia Minor • Athens • Macedonia • Mediterranean Sea • Peloponnesian peninsula • Sparta"
grade-06,6.42,Explain the basic concepts of direct democracy and oligarchy.,"Analyze how the geographic features of ancient Greece, including its mountainous terrain and access to the Mediterranean Sea, contributed to its organization into city-states, role in maritime trade, and colonies in the Mediterranean."
grade-06,6.43,"Explain the characteristics of the major Greek city-states of Athens and Sparta, including: Advantages of each geographic location; Status of women; Approaches to education; Styles of government; Practice of slavery","Examine the concept of the polis in Greek city-states, including the ideas of citizenship, civic participation, and the rule of law."
grade-06,6.44,"Analyze the causes and consequences of the Persian Wars, including the role of Athens and its cooperation with Sparta to defend the Greek city-states.","Contrast the characteristics of the major Greek city-states of Athens and Sparta, including: • Approaches to education • Geographic locations • Role of enslaved persons • Status of women • Styles of government (i.e., direct democracy and oligarchy)"
grade-06,6.46,"Explain the polytheistic religion of ancient Greece, with respect to beliefs about the humanlike qualities of the deities, their importance in everyday life, and the emergence of the Olympic Games to honor Zeus.","Analyze the causes and consequences of the Peloponnesian Wars, including how the growing political conflict between Athens and Sparta led to war and weakened the city-states."
grade-06,6.47,"Explain the historical significance of ancient Greek literature, including how the Iliad and the Odyssey provide insight into the life of the ancient Greeks.","Explain the polytheistic religion of ancient Greece, with respect to beliefs about the humanlike qualities of the deities, their importance in everyday life, and the emergence of the Olympic Games to honor Zeus."
grade-06,6.53,"Describe the government of the Roman Republic, including: Branches of government; Checks and balances; Civic participation; Representative democracy; The rule of law and the Twelve Tables","Describe the class system of ancient Rome, including the role of patricians, plebeians, and enslaved people in Roman society."
grade-06,6.54,"Describe the class system of ancient Rome, including the role of patricians, plebeians, and slaves in Roman society.","Describe the government of the Roman Republic, including: • Branches of government • Checks and balances • Civic participation • Representative democracy • The rule of law and the Twelve Tables"
grade-07,7.01,"Identify and locate the geographical features of East Asia, including: • China • Gobi Desert • Himalayan Mountains • Japan • Korean Peninsula • Pacific Ocean • Plateau of Tibet • Sea of Japan (East Sea) • Yangtze River • Yellow River","Identify the continuation of the Eastern Roman Empire as the Byzantine Empire including its use of Greek culture, and describe the diffusion of Christianity and the preservation of the Latin language."
grade-07,7.02,Describe how the reunification of China prior to the Tang Dynasty helped spread Buddhist beliefs.,"Explain the importance of Justinian's political, social, and architectural achievements, including: • Expanding the empire • Spreading Christianity • The role of Theodora • Justinian Code • The Hagia Sophia"
grade-07,7.03,"Summarize agricultural, commercial, and technological developments during the Song Dynasties, and describe the role of Confucianism during the Song.","Analyze the importance of regional geography, trade, and the location of Constantinople in maintaining European culture."
grade-07,7.04,"Examine the rise of the Mongol Empire, including the conquests of Genghis Khan.","Identify and locate on a map the geographical and political features of Southwest Asia and North Africa, including: • Arabian Peninsula • Arabian Sea • Black Sea • Euphrates River • Mecca • Mediterranean Sea • Persian Gulf • Red Sea • Tigris River"
grade-07,7.05,"Describe Kublai Khan's conquest of China, and explain how he was able to maintain control of the Yuan Empire.","Describe the origins and central features of Islam: • Key Person(s): Mohammad • Sacred Texts: The Quran and The Sunnah • Basic Beliefs: monotheism, Five Pillars"
grade-07,7.06,"Summarize the effects of the Mongolian empires on the Silk Roads, including the importance of Marco Polo's travels on the spread of Chinese technology and Eurasian trade.",Describe how trade and expansion led to the diffusion of Islamic culture and the Arabic language.
grade-07,7.07,"Analyze the achievements of the Ming Dynasty and reasons for its isolationism, including building projects (e.g., the Forbidden City and reconstruction of the Great Wall) and Zheng He's sea voyages.",Summarize the contributions of the region’s scholars in the areas of: • Art • Literature • Mathematics • Medicine • Navigation • Science
grade-07,7.08,Describe the origins and central features of Shintoism: • Key Person(s): None • Sacred Texts: No sacred text • Basic Beliefs: localized tradition that focuses on ritual practices that are carried out with discipline to maintain connections with ancient past; animism and Kami,"Explain the importance of Mehmed II the Conqueror, the fall of Constantinople, and the establishment of the Ottoman Empire."
grade-07,7.09,Explain how Japanese culture changed through Chinese and Korean influences (including Buddhism and Confucianism) as shown in the Constitution of Prince Shotoku and the adoption of the Chinese writing system.,"Analyze the development of trade routes throughout Asia, Africa, and Europe and the expanding role of merchants, including the trade in spices, paper, textiles, and navigational tools."
grade-07,7.10,Describe how the Heian aristocracy contributed to the development of a Japanese national culture.,"Identify and locate on a map the geographical and political features of West Africa, including: • Atlantic Ocean • Djenne • The Sahara • The Niger River • Timbuktu"
grade-07,7.11,Analyze the rise of a military society in the late 12th century and the role of the shogun and samurai in Japanese society.,"Explain indigenous African spiritual traditions, including ancestor worship, animism, and the relationship between humans and deities."
grade-07,7.12,"Identify the continuation of the Eastern Roman Empire as the Byzantine Empire, and describe the diffusion of Christianity and the Latin language.","Analyze the growth of the kingdoms of Ghana, Mali, and Songhai, including cities such as Djenne and Timbuktu as centers of trade, culture, and learning."
grade-07,7.13,"Explain the importance of Justinian's political, social, and architectural achievements.","Analyze how the exchange of salt, gold, and enslaved people along the Trans-Saharan trade route led to religious and cultural changes, such as the growth of Islam and the Arabic language."
grade-07,7.14,Analyze the importance of regional geography and the location of Constantinople in maintaining European culture.,Describe the role of griots and their use of oral traditions in the transmission of West African history and culture.
grade-07,7.15,"Identify and locate the geographical features of Southwest Asia and North Africa, including: • Arabian Peninsula • Arabian Sea • Black Sea • Caspian Sea • Euphrates River • Mecca • Mediterranean Sea • Persian Gulf • Red Sea • Tigris River",Explain the importance of the Malian king Mansa Musa and his pilgrimage to Mecca in 1324.
grade-07,7.16,"Describe the origins and central features of Islam: • Key Person(s): Mohammad • Sacred Texts: The Quran and The Sunnah • Basic Beliefs: monotheism, Five Pillars","Identify and locate on a map the geographical and political features of East Asia, including: • China • Gobi Desert • Himalayan Mountains • Japan • Korean Peninsula • Pacific Ocean • Plateau of Tibet • Sea of Japan (i.e., East Sea) • Yangtze River • Yellow River"
grade-07,7.17,"Describe the diffusion of Islam, its culture, and the Arabic language.","Describe the reunification of China during the Sui Dynasty, including the spread of Buddhism and the building of the Grand Canal."
grade-07,7.18,Summarize the contributions of the region's scholars in the areas of: • Art • Geography • Literature • Mathematics • Medicine • Philosophy • Science,"Describe the developments (e.g., gunpowder and the reopening of the Silk Road) during the Tang Dynasty, including the expansion of Confucianism."
grade-07,7.19,"Explain the importance of Mehmed II the Conqueror, the fall of Constantinople, and the establishment of the Ottoman Empire.","Describe the developments (e.g., fast-ripening rice and mariner’s compass) during the Song Dynasty, and examine the role of Neo-Confucianism in instituting merit-based civil service exams."
grade-07,7.20,"Analyze the development of trade routes throughout Asia, Africa, and Europe and the expanding role of merchants.","Examine the rise of the Mongol Empire, including the conquests of Genghis Khan and Kublai Khan's establishment of the Yuan Dynasty."
grade-07,7.21,"Identify and locate the geographical features of West Africa, including: • Atlantic Ocean • Djenne • Gulf of Guinea • Niger River • The Sahara • Timbuktu","Summarize the effects of the Mongolian empires on the Silk Roads, including the importance of Marco Polo’s travels on the spread of Chinese technology and Eurasian trade."
grade-07,7.22,"Explain indigenous African spiritual traditions, including: ancestor worship, animism, and the relationship between humans and deities.","Analyze the achievements of the Ming Dynasty and reasons for its isolationism, including building projects (e.g., the Forbidden City and reconstruction of the Great Wall) and Zheng He’s sea voyages."
grade-07,7.23,"Analyze the growth of the kingdoms of Ghana, Mali, and Songhai, including cities such as Djenne and Timbuktu as centers of trade, culture, and learning.",Describe the origins and central features of Shintoism: • Key Person(s): None • Sacred Texts: No sacred text • Basic Beliefs: localized tradition that focuses on ritual practices that are carried out with discipline to maintain connections with ancient past; animism and Kami
grade-07,7.24,"Describe the role of the Trans-Saharan caravan trade in the changing religious and cultural characteristics of West Africa and in the exchange of salt, gold, and slaves.",Explain how Japanese culture changed through Chinese and Korean influences (including Buddhism and Confucianism) as shown in the Constitution of Prince Shotoku and the adoption of the Chinese writing system.
grade-07,7.25,Explain the importance of griots in the transmission of West African history and culture.,"Describe how the Heian aristocracy contributed to the development of a Japanese national culture, including politics, art, language, and literature (e.g., Tale of Genji as the world's first novel)."
grade-07,7.26,Explain the importance of the Malian king Mansa Musa and his pilgrimage to Mecca in 1324.,"Analyze the rise of a military society in the late 12th century, and the role of the shogun and samurai in Japanese society."
grade-07,7.39,"Explain the significance of the Reconquista, Inquisition, and the rise of Spanish and Portuguese kingdoms in the Iberian Peninsula.","Describe the rise of Spanish and Portuguese kingdoms in the Iberian Peninsula, and explain the significance of the Reconquista and Inquisition."
grade-07,7.40,"Explain how the location of the Italian Peninsula impacted the movement of resources, knowledge, and culture throughout Italy's independent trade cities.","Describe the Moorish (i.e., Muslim) and Jewish influences on the Renaissance in cities such as Toledo, Cordoba, and Granada."
grade-07,7.41,"Identify the importance of Florence, Italy and the Medici Family in the early stages of the Renaissance.","Explain how the location of the Italian Peninsula impacted the movement of resources, knowledge, and culture throughout Italy’s independent trade cities."
grade-07,7.42,"Explain humanism, and describe how Thomas Aquinas's writings influenced humanistic thought and fostered a balance between reason and faith.","Identify the importance of Florence, Italy, and the Medici Family in the early stages of the Renaissance, including the role of patronage."
grade-07,7.43,"Explain the development of Renaissance art, including the significance of: • Leonardo da Vinci • Michelangelo • William Shakespeare • Systems of patronage","Define humanism, and explain how maintaining a balance between faith and reason influenced Renaissance thinkers."
grade-07,7.44,"Analyze Johannes Gutenberg's printing press and William Tyndale's translation of the Bible into the English language as vehicles for the spread of books, growth of literacy, and dissemination of knowledge.","Analyze the development of Renaissance art, including the significance of: • Leonardo da Vinci (e.g., Last Supper, Mona Lisa) • Michelangelo (e.g., Sistine Chapel, The David) • Filippo Brunelleschi (e.g., Florence Cathedral Dome, linear perspective) • William Shakespeare (e.g., literature, language, and plays)"
grade-07,7.45,"Explain the significant causes of the Protestant Reformation, including: the Catholic Church's taxation policies, the selling of indulgences, and Martin Luther's 95 Theses.","Analyze Johannes Gutenberg’s printing press and William Tyndale’s translation of the Bible into the English language as vehicles for the spread of books, growth of literacy, and dissemination of knowledge."
grade-07,7.46,"Analyze the development of the Protestant Reformation and the split with the Catholic Church, including: the emphasis on scripture alone, salvation by faith, and predestination.","Explain the significant causes of the Protestant Reformation, including the Catholic Church’s taxation policies, the selling of indulgences, and Martin Luther’s 95 Theses."
grade-07,7.47,Explain the political and religious roles of Henry VIII and Mary I in England's transition between Catholicism and Protestantism.,"Analyze the development of the Protestant Reformation and the split with the Catholic Church, including the emphasis on scripture alone, salvation by faith, and predestination (e.g., John Calvin)."
grade-07,7.48,"Analyze how the Catholic Counter-Reformation emerged as a response to Protestantism and revitalized the Catholic Church, including the significance of: St. Ignatius of Loyola, the Jesuits, and the Council of Trent.","Explain the political and religious roles of Henry VIII, Mary I, and Elizabeth I in England's transition between Catholicism and Protestantism."
grade-07,7.50,"Compare and contrast heliocentric and geocentric theories of the Greeks (geocentric), Copernicus (heliocentric), and Kepler (elliptical orbits).","Analyze how the Catholic Counter-Reformation emerged as a response to Protestantism and revitalized the Catholic Church, including the significance of St. Ignatius of Loyola, the Jesuits, and the Council of Trent."
grade-07,7.51,"Examine Galileo Galilei's theories and improvement of scientific tools, including the telescope and microscope.","Compare and contrast scientific theories of the Greeks (i.e., geocentric), Copernicus (i.e., heliocentric), and Kepler (i.e., elliptical orbits)."
grade-07,7.52,Explain the significance of the following in regards to the Scientific Revolution: Sir Francis Bacon in establishing the scientific method and Sir Isaac Newton's three Laws of Motion.,"Examine Galileo Galilei’s theories and improvement of scientific tools, including the telescope and microscope."
grade-07,7.53,"Identify and locate the geographical features of the Americas, including: • Andes Mountains • Appalachian Mountains • Atlantic Ocean • Caribbean Sea • Central Mexican Plateau • Great Plains • Gulf of Mexico • Mississippi River • North America • Pacific Ocean • Rocky Mountains • South America • Yucatan Peninsula",Explain the significance of the following in regards to the Scientific Revolution: Sir Francis Bacon in establishing the scientific method and Sir Isaac Newton’s three Laws of Motion.
grade-07,7.54,"Explain the impact of geographic features on North American Indian cultures (i.e., Northeast, Southeast, and Plains), including: clothing, housing, and agriculture.","Identify and locate on a map the geographical features of the Americas, including: • Andes Mountains • Appalachian Mountains • Atlantic Ocean • Caribbean Sea • Central Mexican Plateau • Great Plains • Gulf of Mexico • Mississippi River • North America • Pacific Ocean • Rocky Mountains • South America • Yucatan Peninsula"
grade-07,7.55,"Describe the existence of diverse networks of North American Indian cultures (within present-day United States) including: varied languages, customs, and economic and political structures.","Explain the impact of geographic features on North American Indian cultures (i.e., Northeast, Southeast, Plains, Southwest, Pacific Northwest), including clothing, housing, and agriculture."
grade-07,7.56,"Explain the impact of geographic features and climate on the agricultural practices and settlement of the Maya, Aztec, and Incan civilizations.","Describe the existence of diverse networks of North American Indian cultures and sovereign nations (within present-day United States), including varied languages, customs, and economic and political structures."
grade-07,7.57,"Describe the social, economic, and political characteristics of the Maya, Aztec, and Incan civilizations, including: oral traditions, class structures, religious beliefs, slavery, and advancements (e.g., astronomy, mathematics, and calendar).","Explain the impact of geographic features and climate on the agricultural practices and settlement of the Maya, Aztec, and Incan civilizations."
grade-07,7.58,"Analyze why European countries were motivated to explore the world, including: religion, political rivalry, and economic gain (i.e., mercantilism).","Describe the social, economic, and political characteristics of the Maya, Aztec, and Incan civilizations, including oral traditions, class structures, religious beliefs, slavery, and advancements (e.g., astronomy, mathematics, and calendar)."
grade-07,7.59,"Identify the significance of the voyages and routes of discovery of the following explorers by their sponsoring country: • England: Henry Hudson • France: Jacques Cartier • Portugal: Vasco da Gama, Bartolomeu Dias • Spain: Christopher Columbus, Hernando de Soto, Ferdinand Magellan, Amerigo Vespucci","Describe Prince Henry the Navigator’s influence on exploration, voyages, cartographic improvements, and tools related to exploration (i.e., compass, caravel, astrolabe) during the Age of Discovery."
grade-07,7.60,"Describe Prince Henry the Navigator's influence on exploration, voyages, cartographic improvements, and tools related to exploration (i.e., compass, caravel, astrolabe, and Harrison's chronometer) during the Age of Discovery.","Analyze why European countries were motivated to explore the world, including religion, political rivalry, and economic gain (i.e., mercantilism)."
grade-07,7.61,"Locate and identify French, Spanish, English, Portuguese, and Dutch colonies in the Americas, and explain how religion impacted the location of settlement by each country.","Explain the significance of the voyages and routes of discovery of the following explorers by their sponsoring country: • England: Henry Hudson • France: Jacques Cartier • Portugal: Vasco da Gama, Bartolomeu Dias • Spain: Christopher Columbus, Hernando de Soto, Ferdinand Magellan, Amerigo Vespucci"
grade-07,7.62,"Describe how the Aztec and Inca empires were eventually defeated by Spanish Conquistadors (i.e., Hernan Cortes and Francisco Pizarro).","Identify on a map French, Spanish, English, Dutch and Portuguese colonies in the Americas, and describe how the distributions of religions (e.g., Catholic and Protestant) in Europe affected the distribution of religions and colonization in the New World."
grade-07,7.63,Locate and identify the European regions that remained Catholic and those that became Protestant and how that division affected the distribution of religions in the New World.,"Explain the impact of the Columbian Exchange on people, plants, animals, technology, culture, ideas, and diseases among Europe, Africa, Asia, and the Americas in the 15th and 16th centuries, and examine the major economic and social effects on each continent."
grade-07,7.64,"Explain the impact of the Columbian Exchange on people, plants, animals, technology, culture, ideas, and diseases among Europe, Africa, Asia, and the Americas in the 15th and 16th centuries, and examine the major economic and social effects on each continent.","Describe how the Aztec and Inca empires were eventually defeated by Spanish Conquistadors (i.e., Hernan Cortes and Francisco Pizarro)."
grade-08,8.01,"Explain the founding and development of Jamestown as the first permanent English colony, its early struggles, the economic and political structure, and role of the Powhatan people.","Compare and contrast the British, Dutch, French, and Spanish colonies in North America, including their geographic location, economic focus, and treatment of American Indians."
grade-08,8.02,"Explain the founding and development of the Plymouth Colony, including the significance of: the Mayflower Compact, interactions with Squanto, and the role of religious freedom.",Explain the religious and/or economic motivations for the founding of the Thirteen English Colonies.
grade-08,8.03,"Explain the founding and development of the Massachusetts Bay Colony, including the significance of:
• Anne Hutchinson
• Role of theocracy
• Salem Witch Trials
• Town meetings","Describe hardships experienced by the early colonists, including the first years of the Jamestown and Plymouth colonies."
grade-08,8.04,"Explain the motivation for and the founding of the Rhode Island and Connecticut Colonies, including the roles of Roger Williams and Thomas Hooker.","Identify and locate on a map the physical and political features of the Thirteen English Colonies, including: • Location of each colony • Three colonial regions (i.e., New England, Middle, and Southern) • Mississippi River • Appalachian Mountains • Ohio River"
grade-08,8.05,"Analyze the economic motivation for the Dutch founding New Netherlands, the diverse population of the colony, and the transition to the English colony of New York.","Compare and contrast the religious groups in the Thirteen English Colonies, including the Puritans and the Quakers."
grade-08,8.06,"Analyze the founding of Pennsylvania as a haven for Quakers and the tolerance that drew many different groups to the colony, including the significance of:
• William Penn
• Philadelphia
• Relationship with American Indians
• Role of women","Compare types of government in the Thirteen English Colonies, including self-government, representative government, and theocracy."
grade-08,8.07,"Explain the reasons behind the settlement of the Georgia Colony, including: its designation as a “debtor” colony, its function as a “buffer” colony, and the role of James Oglethorpe in its founding.","Explain the development of democratic ideologies that developed in the Thirteen English Colonies, including expansion of voting rights (e.g., Connecticut), freedom of religion, town meetings, and separation of church and state (e.g., Rhode Island)."
grade-08,8.08,"Locate and identify the Thirteen Colonies, and describe how their location and geographic features influenced regional economic development.","Describe the three colonial regions, and explain the relationship between the geography and economy in the development of each area (e.g., resources and industries)."
grade-08,8.09,"Compare and contrast the locations and goals of British, French, and Spanish settlements in North America.","Describe the labor systems of the colonial period, including indentured servants, apprenticeships, and African enslavement."
grade-08,8.10,"Identify the origins and development of slavery in the colonies, overt and passive resistance to enslavement, and the Middle Passage.","Examine the origins and growth of African enslavement in the colonies, including the conditions of the Middle Passage, the impact of Bacon’s Rebellion, and the slave codes."
grade-08,8.11,"Describe the significance of the First Great Awakening, including its role in unifying the colonies and the growth of religious tolerance.",Explain the economic impact of the triangular trade.
grade-08,8.12,Explain the Navigation Acts and the policy of mercantilism.,"Describe the significance of the First Great Awakening, including its role in unifying the colonies and the growth of religious tolerance."
grade-08,8.14,"Explain the political contributions of Benjamin Franklin to the U.S., including the ""Join or Die"" cartoon and Albany Plan of Union.",Identify the influence of the Cumberland Gap in the settling of Tennessee.
grade-08,8.15,"Analyze the social, political, and economic causes of the events and groups of the American Revolution, including:
• The Quartering Act, 1765
• The Stamp Act, 1765
• The Declaratory Act, 1766
• The Townshend Acts, 1767
• The Boston Massacre, 1770
• The Boston Tea Party, 1773
• Intolerable/Coercive Acts, 1774
• Sons of Liberty","Analyze the influence of Benjamin Franklin as a revolutionary thinker, including the ""Join or Die"" cartoon, the Albany Plan of Union, and serving as an ambassador."
grade-08,8.16,Explain the historical purposes and consequences of Thomas Paine's Common Sense.,"Analyze the events, ideas, and groups that led to the American Revolution, including: • Mercantilism • Navigation Acts • The Sugar Act, 1764 • The Quartering Act, 1765 • The Stamp Act, 1765 • The Boston Massacre, 1770 • The Boston Tea Party, 1773 • Intolerable/Coercive Acts, 1774 • Sons of Liberty • “taxation without representation” • Influence of colonial protests (e.g., boycotts)"
grade-08,8.18,Explain the historical and present-day significance of the Declaration of Independence. (T.C.A. § 49-6-1028),Explain the historical purposes and consequences of Thomas Paine's Common Sense.
grade-08,8.19,Compare and contrast the points of view of Loyalists and Patriots.,"Analyze and interpret the Declaration of Independence, and determine the historical and present-day significance of the document. (T.C.A. 49-6-1028)"
grade-08,8.20,"Locate and explain the significance of the following during the American Revolution:
• Struggles of the Continental Army
• Battles of Trenton and Princeton
• Battle of Kings Mountain
• Battle of Saratoga
• Battle of Yorktown
• Guerrilla warfare","Examine various perspectives of men and women during the American Revolution including, loyalists, patriots, neutral colonists, and persons of African descent."
grade-08,8.21,"Analyze the strengths and weaknesses of the Articles of Confederation, and describe the Land Ordinance of 1785, the Northwest Ordinance of 1787, the Northwest Territory, the Lost State of Franklin, and Shays’ Rebellion.","Identify and explain the significance of the following during the American Revolution: • Struggles of the Continental Army (e.g., Valley Forge) • Battles of Trenton and Princeton • Battle of Kings Mountain • Battles of Saratoga • Battle of Yorktown • Guerrilla warfare"
grade-08,8.22,"Describe the roles of James Madison and George Washington during the Constitutional Convention, and analyze the major issues debated, including the Great Compromise and the Three-Fifths Compromise. (T.C.A. § 49-6-1028)","Describe the significance of the Northwest Ordinance of 1787 and its impact on the process of gaining statehood, the spread of public education, and the banning of slavery in the territory."
grade-08,8.23,"Examine the principles and purposes of government articulated in the Preamble and principles stated in the Constitution, including: the separation of powers, federalism, and checks and balances. (T.C.A. § 49-6-1028)","Identify the Articles of Confederation as America’s first constitution, and explain its weaknesses as exemplified by: • Government structure (e.g., one branch, no power to tax) • The Lost State of Franklin • Shays’ Rebellion"
grade-08,8.24,"Describe the conflict between Federalists and Anti-Federalists over the ratification of the Constitution, including the protection of individual rights through the Bill of Rights and concern for states’ rights. (T.C.A. § 49-6-1028)","Describe the influence of James Madison during the Constitutional Convention, and analyze the major issues debated, including the Great Compromise and the Three-Fifths Compromise. (T.C.A. § 49-6- 1028)"
grade-08,8.25,"Analyze the major events of the administration of President George Washington, including: the precedents he set, Whiskey Rebellion, and ideas presented in his farewell address.","Examine the principles and purposes of government listed in the Preamble and stated in the Constitution, including: (T.C.A. § 49-6-1028) • Checks and balances • Federalism • Limited government • Popular sovereignty • Separation of powers"
grade-08,8.26,"Explain how conflicts between Thomas Jefferson and Alexander Hamilton resulted in the emergence of two political parties by analyzing their views on foreign policy, economic policy, a national bank, and strict versus loose interpretation of the Constitution.","Describe the origins of the presidential election process, including the electoral college. (T.C.A. § 49-6- 1028)"
grade-08,8.27,"Explain the controversies that plagued the administration of President John Adams, including: the conflicts with Great Britain and France, the XYZ Affair, and the Alien and Sedition Acts.",Describe the conflict between Federalists and Anti-Federalists over the ratification of the Constitution and the Bill of Rights. (T.C.A. 49-6-1028)
grade-08,8.28,Identify how westward expansion led to the statehood of Tennessee and the importance of the first state constitution (1796). (T.C.A. § 49-6-1028),"Analyze the major events of George Washington's administration, including the precedents he set, the Whiskey Rebellion, and ideas presented in his farewell address."
grade-08,8.29,Analyze the significance of the election of 1800 and Chief Justice John Marshall’s opinion in Marbury v. Madison.,"Explain how conflicts between Thomas Jefferson and Alexander Hamilton resulted in the emergence of two political parties, and examine their viewpoints on issues such as foreign policy, economic policy, a national bank, and strict versus loose interpretation of the Constitution."
grade-08,8.30,"Explain the major events of Thomas Jefferson’s presidency, including:
• Conflict with the Barbary pirates
• Embargo Act
• Lewis and Clark Expedition
• Louisiana Purchase","Explain the significant domestic and international events that impacted the administration of John Adams, including trade conflicts with Great Britain and France."
grade-08,8.31,"Explain the causes, course, and consequences of the War of 1812, including:
• Use of impressment and trade restrictions between the U.S. and Great Britain
• Roles of Andrew Jackson and William Henry Harrison
• Significance of the Treaty of Ghent
• Rise in nationalism in the U.S.",Identify how westward expansion led to the statehood of Tennessee and the importance of its first state constitution (1796). (T.C.A. § 49-6-1028)
grade-08,8.32,Identify and locate the changing boundaries of the U.S. as a result of the Convention of 1818 and the Adams-Onis Treaty.,"Analyze the effects of the election of 1800, including: • Peaceful transition of power • Midnight judges • Marbury v. Madison (e.g., judicial review)"
grade-08,8.33,Analyze the purpose and effects of the Monroe Doctrine.,"Explain the major events of Thomas Jefferson’s administration, including: • Conflict with Barbary Pirates • Embargo Act • Lewis and Clark Expedition • Louisiana Purchase"
grade-08,8.34,"Describe the development of the agrarian economy in the South, the locations of the cotton-producing states, the significance of cotton and the cotton gin, and the founding of Memphis as a center for cotton and the slave trade.",Evaluate the effectiveness of negotiations between the U.S. government and American Indians during the time period.
grade-08,8.35,Analyze the characteristics of Southern society and its influence on the social and political conditions prior to the Civil War.,"Explain the causes, course, and consequences of the War of 1812, including: • Use of impressment and trade restrictions between the United States and Great Britain • Roles of Andrew Jackson and Tecumseh • Impact on American Indians • Rise of nationalism in the United States"
grade-08,8.36,"Identify the conditions of enslavement, and explain how slaves adapted to and resisted bondage in their daily lives, including Nat Turner's revolt.",Explain the purpose and provisions of the Monroe Doctrine.
grade-08,8.37,"Explain the development of the American Industrial Revolution, including:
• Eli Whitney and interchangeable parts
• Emergence of trade unions
• Lowell System
• Role of the textile industry
• Samuel Slater","Determine the role played by Chief Justice John Marshall, including key decisions of the Supreme Court, such as Gibbons v. Ogden (i.e., impact on interstate commerce) and McCulloch v. Maryland (i.e., impact on the national bank)."
grade-08,8.38,Describe how technological developments affected the growth of the industrial economy and cities in the North.,"Examine the importance of the elections of 1824 and 1828, including expansion of voting rights, the corrupt bargain, the spoils system, and Jacksonian Democracy."
grade-08,8.39,"Identify the push-pull factors for Irish and German immigrants, and describe the impact of their arrival in the U.S. prior to the Civil War.","Determine the historical significance of key events of Andrew Jackson's administration, including the battle with the Bank of the United States and the Nullification Crisis."
grade-08,8.40,"Analyze the development of roads, canals, railroads, and steamboats throughout the U.S., including the Erie Canal and the National Road.","Describe the impact of the Indian Removal Act and the struggle between the Cherokee Nation and the U.S. government, including the significance of Worcester v. Georgia and the Trail of Tears."
grade-08,8.41,Describe the significance of the Second Great Awakening and its influence on reform in the 19th century.,"Identify changes to voting rights under the Tennessee Constitution of 1834, including the expansion of voting rights to non-property owners and the removal of voting rights for free African-American men. (T.C.A. 49-6-1028)"
grade-08,8.42,"Analyze the development of the women’s suffrage movement, including the Seneca Falls Convention, and the ideals of Susan B. Anthony, Elizabeth Cady Stanton, and Sojourner Truth.","Describe the development of the agrarian economy in the South, including: • The location of the Cotton Belt • The significance of cotton and the cotton gin • The growth of enslavement • The significance of the planter class and yeoman farmers"
grade-08,8.43,"Analyze the significance of leading abolitionists, including William Lloyd Garrison, Frederick Douglass, Elihu Embree, and Harriet Tubman, and the methods they used to spread the movement.","Describe the daily life and culture of enslaved persons in the South prior to the Civil War, such as jobs performed, punishments and consequences, oral history, and the influence of religion and music. (T.C.A. 49-6-1028)"
grade-08,8.44,"Analyze the role played by Chief Justice John Marshall in strengthening the judicial branch, including the key decisions of the Supreme Court in Gibbons v. Ogden and McCulloch v. Maryland.","Explain how enslaved persons resisted bondage in their daily lives, including passive and overt resistance and Nat Turner’s Rebellion."
grade-08,8.45,"Examine the importance of the elections of 1824 and 1828, including: the corrupt bargain, the spoils system, and Jacksonian Democracy.","Explain the development of the American Industrial Revolution, including: • Eli Whitney and interchangeable parts • Role of the textile industry • Mass production • Introduction of women in the work force"
grade-08,8.46,"Examine President Andrew Jackson’s actions regarding the Bank of the U.S. and the Nullification Crisis, and analyze the effects of these events on the nation.","Explain how technological developments affected the growth of the industrial economy and cities in the North, including working and living conditions."
grade-08,8.47,"Describe the impact of the Indian Removal Act and the struggle between the Cherokee Nation and the U.S. government, including the significance of Worcester v. Georgia and the Trail of Tears.","Identify the push-pull factors for Irish and German immigrants, and describe the impact of their arrival in the United States prior to the Civil War."
grade-08,8.48,Identify that the Tennessee Constitution of 1834 expanded voting rights for non-property owners. (T.C.A. 49-6-1028),"Analyze the development of roads, canals, railroads, and steamboats throughout the United States, including the Erie Canal."
grade-08,8.49,"Analyze the concept of Manifest Destiny and its impact on the development of the nation, and describe the economic incentives for westward expansion.",Describe the significance of the Second Great Awakening and its influence on reform in the 19th century.
grade-08,8.50,"Explain the reasons for and the provisions of the Missouri Compromise (i.e., Compromise of 1820) and its impact on expansion.","Analyze the development of the Woman Suffrage Movement, including the Seneca Falls Convention, and the ideals of reform leaders such as Elizabeth Cady Stanton, Susan B. Anthony, Lucretia Mott and Sojourner Truth."
grade-08,8.51,"Describe American settlements in Texas after 1821, the causes of the Texas War for Independence, the roles of David Crockett and Sam Houston, and the legacy of the Alamo.","Analyze the significance of leading abolitionists, including William Lloyd Garrison, Frederick Douglass, and Harriet Tubman, and the methods they used to spread the movement."
grade-08,8.52,"Analyze the reasons for and outcomes of groups moving west, including the significance of:
• Fur traders
• Mormons
• Oregon Trail
• Santa Fe Trail","Analyze the concept of Manifest Destiny and its impact on the development of the nation, including economic incentives for westward expansion, impact on American Indians, and the territorial expansion of slavery."
grade-08,8.53,"Identify the major events and impact of James K. Polk’s presidency, including the annexation of Texas and the settlement of the Oregon boundary.","Explain the reasons for and the provisions of the Missouri Compromise (i.e., Compromise of 1820) and its impact on expansion."
grade-08,8.54,"Describe the causes and consequences of the Mexican War, including the controversy over the Rio Grande boundary and the Mexican Cession.","Describe the motivations for American settlements in Mexican-ruled Texas after 1821 and the causes of the Texas War for Independence, and determine the legacy of the Alamo, including Davy Crockett and Sam Houston."
grade-08,8.55,"Analyze the discovery of gold in California, its social and economic impact on the U.S., and the major migratory movement (including the forty-niners and Asian immigrants).","Analyze the reasons for and outcomes of groups moving west, including the significance of: • Fur traders • Mormons • Families on the Oregon Trail • Opportunities for women and African Americans"
grade-08,8.56,Explain the reasons for and the impact of the Compromise of 1850 (including Henry Clay’s role as “The Great Compromiser”) and the Fugitive Slave Act (including Harriet Beecher Stowe’s influence with Uncle Tom’s Cabin).,"Identify the major events and impact of James K. Polk's administration, including: • Settlement of the Oregon boundary • The annexation of Texas • Border disputes over the Rio Grande River • Mexican-American War • Mexican Cession"
grade-08,8.57,Describe the significance of the Gadsden Purchase of 1853.,"Analyze the discovery of gold in California, its social and economic impact on the United States, and the major migratory movements including the forty-niners and Asian immigrants."
grade-08,8.58,"Explain the motivations behind the passage of the Kansas-Nebraska Act of 1854, and analyze the effects of act, including:
• Rise of the Republican Party
• “Bleeding Kansas”
• Preston Brooks’ attack on Charles Sumner
• John Brown’s raid at Harper’s Ferry","Explain the reasons for and the impact of the Compromise of 1850, including: • Henry Clay’s role as “The Great Compromiser” • Fugitive Slave Act • Harriet Beecher Stowe’s influence with Uncle Tom’s Cabin"
grade-08,8.59,Analyze the Dred Scott v. Sandford decision and the resulting split between the North and South.,"Analyze the motivations and divisional effects of the Kansas-Nebraska Act of 1854, including: • Rise of the Republican Party • “Bleeding Kansas” • Preston Brooks’ attack on Charles Sumner • John Brown’s raid at Harper’s Ferry"
grade-08,8.60,Explain the arguments presented by Stephen Douglas and Abraham Lincoln on slavery in the Illinois Senate race debates of 1858.,Analyze the impact of the Supreme Court's 1857 Dred Scott v. Sanford decision on the debate over slavery in the United States.
grade-08,8.61,"Describe the election of 1860 and its candidates (i.e., John Bell, Stephen Douglas, Abraham Lincoln, and John Breckinridge), and analyze how the campaigns reflected sectional turmoil in the country.",Explain the arguments presented by Stephen Douglas and Abraham Lincoln on slavery in the Illinois Senate race debates of 1858.
grade-08,8.62,"Describe the outbreak of the Civil War and the resulting sectional differences, including:
• Economic, geographic, and technological advances
• Military strategies
• Roles of President Abraham Lincoln and Jefferson Davis
• Significance of Fort Sumter
• Geographical divisions within states",Describe how sectional division of the United States led to Abraham Lincoln's victory in the election of 1860.
grade-08,8.63,"Explain the significance of the following battles, events, and leaders during the Civil War, including:
• First Battle of Bull Run
• Battle of Shiloh
• Battle of Antietam
• Battle of Gettysburg
• Battle of Vicksburg
• Sherman’s March to the Sea
• Surrender at Appomattox Court House
• David Farragut
• Nathan Bedford Forrest
• Ulysses S. Grant
• Thomas “Stonewall” Jackson
• Robert E. Lee",Describe the significance of the Battle of Fort Sumter and Tennessee’s struggle over the decision to secede.
grade-08,8.64,Analyze the significance of the Emancipation Proclamation and the Gettysburg Address.,"Compare and contrast the Union and Confederacy at the outbreak of the Civil War, including: • Military and political leadership • Military strategies • Infrastructure • Agricultural and industrial strengths • Population"
grade-08,8.65,"Describe African American involvement in the Union army, including the Massachusetts 54th Regiment at Fort Wagner and the 13th U.S. Colored Troops in the Battle of Nashville. (T.C.A. § 49-6-1006)","Examine the goals, strategies, and outcomes throughout the Civil War, including: • The Union's Campaign (e.g., General Ulysses S. Grant) • The Confederacy's Campaign (e.g., General Robert E. Lee) • General William T. Sherman’s use of total war • Control of Tennessee"
grade-08,8.66,Analyze how the writings of Sam Watkins and Elisha Hunt Rhodes illustrated the daily life of the common soldier.,"Analyze the significance and motivations of the Emancipation Proclamation and the Gettysburg Address and their relationship to the Battle of Antietam and the Battle of Gettysburg, respectively."
grade-08,8.67,Analyze the immediate political impact of the assassination of President Abraham Lincoln and Andrew Johnson’s ascension to the presidency.,"Describe African American involvement in the Union army, including the Massachusetts 54th Regiment at Fort Wagner. (T.C.A. § 49-6-1006)"
grade-08,8.68,"Explain the significance of the 13th, 14th, and 15th Amendments to the U.S. Constitution.","Examine the technological and medical advancements during the Civil War, and their impact on the role of women and the daily life of the common soldier."
grade-08,8.69,"Analyze President Abraham Lincoln’s Ten Percent Plan, President Andrew Johnson’s Plan, and the Radical Republican Plan for Reconstruction.","Examine the conclusions of the Civil War, including the passing of the 13th amendment, the Confederate surrender at Appomattox Courthouse, and impact of the assassination of President Lincoln."
grade-08,8.70,"Identify the significance of the Tennessee Constitution of 1870, including the right of all men to vote and the establishment of a poll tax. (T.C.A. § 49-6-1028)","Explain the structure of Reconstruction under the Radical Republicans, including: • 14th and 15th amendments • Five military zones • Readmittance of Tennessee into the Union • Southern reaction to northern presence"
grade-08,8.71,"Analyze the conflict between President Andrew Johnson and the Radical Republicans, including Johnson’s veto of the Tenure of Office Act and his impeachment.","Identify the significance of the Tennessee Constitution of 1870, including the right of all men to vote and the authorization of a poll tax. (T.C.A. § 49-6-1028)"
grade-08,8.72,"Explain the restrictions placed on the rights and opportunities of freedmen, including: racial segregation, black codes, and the efforts of the Freedmen's Bureau to address the problems confronting newly freed slaves.","Examine the conflict between President Andrew Johnson and the Radical Republicans over Reconstruction, and determine the significance of Johnson’s impeachment."
grade-08,8.73,"Trace the rise of the Ku Klux Klan and vigilante justice in the South and in Tennessee, including the role of Governor William Brownlow.","Explain the opportunities for and restrictions placed on freedmen, including: • Racial segregation • Black codes • The efforts of the Freedmen's Bureau • The emergence of vigilante actions by the Ku Klux Klan"
grade-08,8.74,Explain the roles carpetbaggers and scalawags played during Reconstruction.,"Explain the outcome of the Election of 1876, including the Compromise of 1877 and its role in ending Radical Reconstruction."
